ID,POSITION,SKILL,FIELD,POSITION_TYPE,EDUCATION_LEVEL,DURATION,ALLOW_WFH
1,FRONTEND DEVELOPER,"HTML,R,RUBY",CS,F,MP,6,1
2,MEAN STACK DEVELOPER,RUBY,CS,FT,M,6,0
3,FULL STACK DEVELOPER,C#,CS,F,BM,3,0
4,MEAN STACK DEVELOPER,KOTLIN,IT,FT,BM,6,0
5,WEB DEVELOPER,"PYTHON,OBJECTIVE-C,JAVA",CS,FT,B,6,1
6,PRODUCT MANAGER,COBOL,IT,FT,MP,6,1
7,FULL STACK DEVELOPER,"RUST,PYTHON",IT,PT,DBM,12,0
8,MEAN STACK DEVELOPER,FORTRAN,CS,FT,P,3,1
9,FRONTEND DEVELOPER,"OBJECTIVE-C,PERL",CS,PT,B,2,1
10,PRODUCT MANAGER,"SWIFT,CSS,DART",CS,FT,BM,2,1
11,DATA ANALYST,COBOL,IT,PT,BM,1,0
12,PYTHON DEVELOPER,"JULIA,RUST,PERL",IT,PT,DBMP,1,1
13,PRODUCT MANAGER,"SQL,CSS",IT,PT,MP,3,0
14,PRODUCT MANAGER,"FORTRAN,OBJECTIVE-C",CS,FT,MP,12,1
15,FRONTEND DEVELOPER,COBOL,CS,F,D,12,1
16,FULL STACK DEVELOPER,PYTHON,CS,F,D,1,1
17,FULL STACK DEVELOPER,"R,HTML,PERL",IT,FT,B,2,0
18,WEB DEVELOPER,"OBJECTIVE-C,PHP",IT,PT,MP,2,1
19,JAVASCRIPT DEVELOPER,SQL,IT,FT,DBMP,12,1
20,RUBY ON RAILS DEVELOPER,"RUST,OBJECTIVE-C",CS,F,BM,2,0
21,BACKEND DEVELOPER,"FORTRAN,RUST,KOTLIN",CS,PT,BMP,1,1
22,PRODUCT MANAGER,"PERL,RUST",CS,PT,MP,6,1
23,REACTJS DEVELOPER,CSS,IT,F,BMP,6,1
24,BACKEND DEVELOPER,"JAVA,SWIFT,FORTRAN",IT,F,B,1,0
25,PYTHON DEVELOPER,"FORTRAN,DART",CS,F,B,12,1
26,PYTHON DEVELOPER,"JAVASCRIPT,C#",CS,F,D,3,1
27,MEAN STACK DEVELOPER,"SWIFT,JULIA,PERL",CS,PT,DB,2,0
28,MERN STACK DEVELOPER,JULIA,CS,PT,BMP,2,0
29,MEAN STACK DEVELOPER,"R,PYTHON",IT,PT,MP,12,1
30,JAVASCRIPT DEVELOPER,RUST,IT,F,BMP,1,1
31,FULL STACK DEVELOPER,"DART,C/C++",CS,FT,DBM,2,0
32,MEAN STACK DEVELOPER,"PYTHON,KOTLIN",IT,F,BM,12,1
33,MERN STACK DEVELOPER,"R,FORTRAN",IT,FT,DBM,6,0
34,DATA ANALYST,OBJECTIVE-C,IT,PT,DB,3,0
35,FULL STACK DEVELOPER,"PYTHON,CSS,SWIFT",IT,F,M,1,0
36,MEAN STACK DEVELOPER,"R,KOTLIN",CS,F,MP,2,1
37,DATA SCIENTIST,"PYTHON,SWIFT",CS,PT,M,2,1
38,RUBY ON RAILS DEVELOPER,"PYTHON,FORTRAN,SQL",CS,PT,DBM,1,0
39,REACTJS DEVELOPER,PERL,CS,FT,DBMP,6,0
40,WEB DEVELOPER,"JULIA,PHP,RUST",IT,PT,D,1,1
41,MERN STACK DEVELOPER,"RUST,KOTLIN",CS,PT,B,1,1
42,MERN STACK DEVELOPER,"JAVA,CSS",IT,F,D,6,0
43,PYTHON DEVELOPER,JAVA,CS,F,MP,3,0
44,FRONTEND DEVELOPER,RUST,CS,FT,M,12,0
45,BACKEND DEVELOPER,"DART,JULIA,PHP",CS,PT,B,6,1
46,BACKEND DEVELOPER,"CSS,FORTRAN",IT,F,DB,1,1
47,DATA ANALYST,CSS,CS,F,DBM,3,1
48,FULL STACK DEVELOPER,"HTML,FORTRAN",CS,PT,BM,1,0
49,MERN STACK DEVELOPER,C#,CS,PT,B,6,0
50,RUBY ON RAILS DEVELOPER,"DART,JULIA",IT,PT,BM,12,0
51,FULL STACK DEVELOPER,"SWIFT,R",IT,F,DBM,6,0
52,FULL STACK DEVELOPER,"JULIA,CSS,FORTRAN",CS,F,BM,2,1
53,DATA ANALYST,"PHP,RUBY,CSS",CS,FT,P,6,1
54,REACTJS DEVELOPER,"KOTLIN,FORTRAN",IT,F,DBM,1,1
55,DATA ANALYST,COBOL,CS,FT,DBMP,1,1
56,DATA SCIENTIST,"FORTRAN,PHP,CSS",CS,FT,P,1,0
57,DATA ANALYST,RUBY,IT,PT,BMP,3,1
58,PYTHON DEVELOPER,"COBOL,OBJECTIVE-C,JULIA",IT,PT,B,3,0
59,FRONTEND DEVELOPER,"C#,HTML,JAVASCRIPT",CS,PT,DBM,6,1
60,MERN STACK DEVELOPER,"DART,C/C++",CS,FT,DB,3,1
61,JAVASCRIPT DEVELOPER,RUBY,IT,PT,B,6,1
62,PYTHON DEVELOPER,"JULIA,KOTLIN,RUST",IT,F,MP,12,0
63,WEB DEVELOPER,"KOTLIN,DART",IT,FT,B,12,1
64,RUBY ON RAILS DEVELOPER,"DART,OBJECTIVE-C,JAVA",CS,FT,B,3,0
65,BACKEND DEVELOPER,C#,CS,FT,P,1,0
66,JAVASCRIPT DEVELOPER,"JAVA,COBOL,FORTRAN",IT,FT,B,6,0
67,BACKEND DEVELOPER,OBJECTIVE-C,CS,PT,B,2,1
68,JAVASCRIPT DEVELOPER,FORTRAN,CS,PT,D,1,0
69,REACTJS DEVELOPER,"JAVASCRIPT,CSS",IT,F,BMP,6,0
70,MEAN STACK DEVELOPER,"C#,JULIA",IT,PT,DBMP,3,1
71,BACKEND DEVELOPER,"PERL,PHP,FORTRAN",CS,FT,MP,2,1
72,FRONTEND DEVELOPER,C/C++,IT,FT,P,1,1
73,FRONTEND DEVELOPER,"RUBY,SWIFT,KOTLIN",IT,FT,P,2,0
74,MEAN STACK DEVELOPER,"RUST,CSS",CS,FT,B,12,0
75,FRONTEND DEVELOPER,"SWIFT,RUBY,JAVA",IT,FT,M,12,1
76,DATA SCIENTIST,RUBY,IT,PT,M,3,1
77,DATA SCIENTIST,COBOL,CS,FT,D,3,0
78,REACTJS DEVELOPER,"JAVASCRIPT,HTML,PERL",CS,FT,DBMP,6,1
79,JAVASCRIPT DEVELOPER,PERL,CS,PT,MP,12,0
80,BACKEND DEVELOPER,"JULIA,RUST,SWIFT",CS,PT,DBMP,12,1
81,MEAN STACK DEVELOPER,"COBOL,KOTLIN,R",CS,PT,B,2,0
82,DATA SCIENTIST,"SWIFT,KOTLIN",CS,F,MP,2,1
83,PRODUCT MANAGER,SQL,CS,F,D,1,1
84,DATA SCIENTIST,"COBOL,DART",IT,F,B,12,1
85,FRONTEND DEVELOPER,DART,IT,PT,P,6,1
86,RUBY ON RAILS DEVELOPER,"C#,PHP",IT,F,BM,1,1
87,DATA ANALYST,"PHP,C/C++",CS,FT,DBM,12,1
88,DATA SCIENTIST,"FORTRAN,JAVA,JULIA",CS,PT,DB,6,0
89,REACTJS DEVELOPER,"HTML,RUST,PHP",IT,PT,MP,1,1
90,WEB DEVELOPER,"JAVASCRIPT,FORTRAN",IT,FT,BM,6,0
91,FULL STACK DEVELOPER,"SWIFT,JAVA,PHP",CS,F,MP,12,0
92,FULL STACK DEVELOPER,RUST,IT,PT,DB,1,1
93,REACTJS DEVELOPER,R,CS,F,DBMP,1,0
94,RUBY ON RAILS DEVELOPER,R,IT,F,BM,12,0
95,MEAN STACK DEVELOPER,"PYTHON,SWIFT,CSS",IT,FT,BM,12,0
96,RUBY ON RAILS DEVELOPER,"PERL,DART,C#",IT,FT,D,2,0
97,PRODUCT MANAGER,PERL,IT,FT,BM,2,0
98,WEB DEVELOPER,"PYTHON,DART",CS,PT,P,1,0
99,JAVASCRIPT DEVELOPER,"JAVA,CSS",CS,F,P,3,0
100,WEB DEVELOPER,"FORTRAN,HTML",IT,F,BM,12,0
101,MEAN STACK DEVELOPER,DART,CS,FT,BMP,2,1
102,REACTJS DEVELOPER,"JAVA,JAVASCRIPT,R",CS,FT,DBM,3,0
103,REACTJS DEVELOPER,SQL,CS,F,MP,2,1
104,PYTHON DEVELOPER,C#,IT,PT,BM,12,0
105,WEB DEVELOPER,KOTLIN,CS,PT,D,12,1
106,REACTJS DEVELOPER,FORTRAN,CS,PT,DBM,2,0
107,MERN STACK DEVELOPER,C#,IT,PT,BMP,6,0
108,WEB DEVELOPER,"SWIFT,PERL",IT,F,D,1,1
109,DATA ANALYST,C#,CS,PT,DB,12,1
110,JAVASCRIPT DEVELOPER,"PERL,RUST,FORTRAN",CS,PT,MP,1,1
111,JAVASCRIPT DEVELOPER,"KOTLIN,SQL,PERL",IT,PT,DBM,6,1
112,RUBY ON RAILS DEVELOPER,R,CS,FT,BM,2,0
113,FRONTEND DEVELOPER,"DART,PERL",IT,PT,BMP,3,1
114,JAVASCRIPT DEVELOPER,"HTML,SQL",IT,F,BMP,2,0
115,PRODUCT MANAGER,PHP,IT,PT,DBMP,1,1
116,BACKEND DEVELOPER,"PYTHON,PHP,SQL",IT,FT,B,1,1
117,DATA SCIENTIST,"RUST,JAVASCRIPT",CS,F,DBM,12,1
118,WEB DEVELOPER,RUST,CS,PT,BMP,3,0
119,FRONTEND DEVELOPER,R,CS,F,D,12,0
120,BACKEND DEVELOPER,"COBOL,PHP,JULIA",CS,FT,DBMP,2,1
121,REACTJS DEVELOPER,"PERL,COBOL",CS,PT,DBMP,6,1
122,FULL STACK DEVELOPER,"HTML,KOTLIN,OBJECTIVE-C",IT,PT,BMP,12,1
123,FULL STACK DEVELOPER,"JULIA,CSS",IT,F,D,6,1
124,RUBY ON RAILS DEVELOPER,"PYTHON,PERL",CS,PT,M,3,1
125,REACTJS DEVELOPER,"C/C++,HTML",CS,F,BMP,6,0
126,JAVASCRIPT DEVELOPER,"JULIA,FORTRAN",IT,PT,M,12,0
127,RUBY ON RAILS DEVELOPER,FORTRAN,CS,PT,D,12,1
128,PYTHON DEVELOPER,"COBOL,CSS",CS,PT,D,1,0
129,PYTHON DEVELOPER,"JULIA,RUBY",IT,F,P,1,1
130,DATA ANALYST,FORTRAN,CS,FT,MP,2,0
131,WEB DEVELOPER,SQL,CS,F,BM,6,1
132,FRONTEND DEVELOPER,OBJECTIVE-C,CS,FT,DBMP,6,0
133,JAVASCRIPT DEVELOPER,PERL,IT,FT,P,12,1
134,REACTJS DEVELOPER,"SQL,RUBY",CS,FT,B,3,1
135,JAVASCRIPT DEVELOPER,"HTML,JULIA",CS,F,DB,12,0
136,DATA ANALYST,"C/C++,PYTHON",IT,F,BMP,3,0
137,MEAN STACK DEVELOPER,"COBOL,HTML,JULIA",CS,PT,D,3,1
138,WEB DEVELOPER,"SQL,COBOL,JULIA",IT,F,M,6,1
139,DATA SCIENTIST,"PERL,JAVA",IT,F,BM,3,0
140,PYTHON DEVELOPER,"CSS,HTML,JAVASCRIPT",CS,PT,D,3,0
141,JAVASCRIPT DEVELOPER,"OBJECTIVE-C,SWIFT,KOTLIN",IT,FT,DBMP,2,1
142,MEAN STACK DEVELOPER,SWIFT,CS,PT,BMP,6,1
143,FRONTEND DEVELOPER,"CSS,C/C++",CS,F,B,1,1
144,RUBY ON RAILS DEVELOPER,"PHP,RUBY,R",IT,PT,P,6,0
145,WEB DEVELOPER,"C/C++,FORTRAN,DART",IT,F,M,12,0
146,FULL STACK DEVELOPER,"PHP,OBJECTIVE-C",CS,PT,M,6,1
147,RUBY ON RAILS DEVELOPER,PHP,CS,PT,DBMP,2,0
148,WEB DEVELOPER,"C/C++,PHP,C#",CS,FT,D,12,0
149,FRONTEND DEVELOPER,DART,IT,F,BMP,3,1
150,MERN STACK DEVELOPER,"JAVASCRIPT,CSS,R",CS,FT,DB,3,1
151,REACTJS DEVELOPER,HTML,CS,FT,B,3,1
152,PYTHON DEVELOPER,RUST,IT,PT,DB,12,1
153,DATA ANALYST,FORTRAN,IT,PT,B,12,1
154,DATA SCIENTIST,"PHP,SQL,FORTRAN",CS,F,BM,6,1
155,PYTHON DEVELOPER,"KOTLIN,HTML",IT,PT,DBM,12,0
156,WEB DEVELOPER,"DART,FORTRAN,PYTHON",CS,F,P,3,1
157,RUBY ON RAILS DEVELOPER,"RUBY,SQL,KOTLIN",IT,FT,M,3,1
158,MERN STACK DEVELOPER,KOTLIN,IT,FT,P,12,0
159,JAVASCRIPT DEVELOPER,DART,CS,PT,D,6,1
160,WEB DEVELOPER,"R,KOTLIN",IT,F,DB,3,1
161,JAVASCRIPT DEVELOPER,"PYTHON,OBJECTIVE-C,KOTLIN",CS,FT,B,12,0
162,FRONTEND DEVELOPER,"FORTRAN,JAVA",IT,PT,DB,6,1
163,FRONTEND DEVELOPER,C/C++,CS,F,P,6,0
164,MEAN STACK DEVELOPER,C#,CS,FT,DBM,1,1
165,REACTJS DEVELOPER,CSS,CS,F,B,2,1
166,MERN STACK DEVELOPER,"CSS,C/C++,JAVA",IT,FT,BM,3,0
167,PYTHON DEVELOPER,"SQL,FORTRAN",IT,F,DBMP,6,1
168,REACTJS DEVELOPER,"PYTHON,HTML,C#",IT,PT,M,12,0
169,RUBY ON RAILS DEVELOPER,COBOL,CS,FT,M,2,1
170,DATA SCIENTIST,JULIA,CS,PT,DB,12,1
171,PRODUCT MANAGER,"JAVASCRIPT,RUBY,SQL",IT,F,M,6,0
172,MERN STACK DEVELOPER,"RUBY,DART,JAVA",IT,FT,BM,1,1
173,RUBY ON RAILS DEVELOPER,"PYTHON,COBOL,OBJECTIVE-C",CS,PT,DBM,3,1
174,JAVASCRIPT DEVELOPER,"R,PYTHON",CS,F,BMP,1,1
175,JAVASCRIPT DEVELOPER,"COBOL,HTML,KOTLIN",IT,PT,BMP,1,1
176,FRONTEND DEVELOPER,C#,IT,PT,M,3,1
177,DATA ANALYST,HTML,CS,PT,B,1,0
178,RUBY ON RAILS DEVELOPER,R,CS,FT,DBM,1,1
179,RUBY ON RAILS DEVELOPER,"HTML,C#,COBOL",CS,FT,BMP,6,0
180,MEAN STACK DEVELOPER,C/C++,CS,PT,BM,1,1
181,FRONTEND DEVELOPER,C/C++,IT,F,MP,6,0
182,WEB DEVELOPER,"FORTRAN,JAVASCRIPT",IT,F,BMP,6,0
183,DATA ANALYST,"RUST,PERL,OBJECTIVE-C",IT,PT,BMP,2,1
184,PYTHON DEVELOPER,"JAVASCRIPT,C#,KOTLIN",CS,FT,DB,1,1
185,BACKEND DEVELOPER,"PYTHON,KOTLIN,PHP",CS,FT,BMP,1,1
186,PRODUCT MANAGER,"SWIFT,C/C++,HTML",IT,PT,M,6,0
187,BACKEND DEVELOPER,PERL,IT,FT,MP,2,0
188,MEAN STACK DEVELOPER,"R,PYTHON,SQL",CS,PT,DB,12,0
189,REACTJS DEVELOPER,"C/C++,HTML,CSS",IT,PT,M,1,0
190,FRONTEND DEVELOPER,HTML,IT,FT,DBM,3,1
191,BACKEND DEVELOPER,PHP,CS,PT,DBMP,2,0
192,MERN STACK DEVELOPER,SWIFT,CS,F,BM,1,0
193,MERN STACK DEVELOPER,PERL,CS,FT,DBM,1,0
194,DATA ANALYST,R,IT,PT,B,12,1
195,REACTJS DEVELOPER,"C#,PERL,OBJECTIVE-C",IT,F,BMP,6,1
196,MEAN STACK DEVELOPER,"SWIFT,DART",IT,PT,BM,6,0
197,PYTHON DEVELOPER,"SQL,FORTRAN",CS,FT,P,3,1
198,FRONTEND DEVELOPER,"PHP,RUBY,OBJECTIVE-C",IT,FT,DB,3,1
199,REACTJS DEVELOPER,C#,IT,F,M,1,0
200,DATA ANALYST,DART,CS,FT,M,12,1
201,FRONTEND DEVELOPER,"FORTRAN,C#,PHP",IT,FT,M,3,1
202,PYTHON DEVELOPER,CSS,CS,PT,M,2,0
203,JAVASCRIPT DEVELOPER,SWIFT,CS,PT,MP,6,1
204,WEB DEVELOPER,"PERL,PHP,JULIA",CS,PT,DBMP,3,1
205,BACKEND DEVELOPER,"HTML,JAVASCRIPT",CS,FT,DBMP,6,0
206,REACTJS DEVELOPER,RUST,CS,FT,MP,6,1
207,DATA ANALYST,"HTML,R",CS,F,D,12,0
208,FULL STACK DEVELOPER,"OBJECTIVE-C,FORTRAN,JAVASCRIPT",IT,F,D,3,1
209,DATA SCIENTIST,"RUBY,FORTRAN,JAVASCRIPT",IT,FT,DBM,2,0
210,BACKEND DEVELOPER,OBJECTIVE-C,CS,PT,DBM,12,1
211,JAVASCRIPT DEVELOPER,SWIFT,CS,FT,BM,1,0
212,WEB DEVELOPER,"JULIA,COBOL",IT,FT,DBMP,2,0
213,JAVASCRIPT DEVELOPER,"PYTHON,CSS,C/C++",CS,FT,D,2,0
214,REACTJS DEVELOPER,"RUBY,DART,FORTRAN",IT,FT,DBM,12,0
215,WEB DEVELOPER,"CSS,JULIA",CS,F,M,12,0
216,FRONTEND DEVELOPER,"PERL,C/C++",IT,FT,B,1,1
217,RUBY ON RAILS DEVELOPER,C#,CS,F,DB,6,0
218,FULL STACK DEVELOPER,"R,HTML",IT,FT,B,2,1
219,WEB DEVELOPER,"C/C++,CSS",CS,FT,B,6,1
220,MEAN STACK DEVELOPER,"C#,OBJECTIVE-C,FORTRAN",CS,FT,MP,2,0
221,RUBY ON RAILS DEVELOPER,OBJECTIVE-C,IT,F,DBMP,2,1
222,DATA SCIENTIST,"DART,JAVASCRIPT",IT,PT,D,1,0
223,PRODUCT MANAGER,"JAVA,CSS,C/C++",CS,F,P,6,0
224,BACKEND DEVELOPER,"DART,KOTLIN,JULIA",CS,FT,D,6,1
225,FULL STACK DEVELOPER,"RUBY,JAVASCRIPT",IT,F,BMP,3,0
226,FRONTEND DEVELOPER,"JULIA,COBOL,R",CS,PT,D,1,1
227,MEAN STACK DEVELOPER,"OBJECTIVE-C,C#",IT,FT,BMP,6,1
228,JAVASCRIPT DEVELOPER,"CSS,RUBY,SQL",IT,PT,BM,12,0
229,JAVASCRIPT DEVELOPER,"OBJECTIVE-C,CSS",CS,FT,P,1,0
230,FULL STACK DEVELOPER,"CSS,RUST",CS,F,DBM,6,1
231,MEAN STACK DEVELOPER,HTML,IT,FT,BM,1,0
232,DATA ANALYST,DART,IT,PT,BM,6,1
233,REACTJS DEVELOPER,RUST,CS,F,DBMP,6,1
234,FRONTEND DEVELOPER,OBJECTIVE-C,IT,F,DB,6,0
235,DATA SCIENTIST,PYTHON,CS,FT,P,1,1
236,MEAN STACK DEVELOPER,COBOL,IT,FT,D,12,0
237,JAVASCRIPT DEVELOPER,FORTRAN,CS,F,BMP,1,1
238,DATA SCIENTIST,PERL,CS,F,MP,12,1
239,PYTHON DEVELOPER,"PHP,RUBY,C#",IT,F,MP,3,1
240,DATA ANALYST,"RUST,FORTRAN",IT,FT,DBMP,1,1
241,MERN STACK DEVELOPER,"FORTRAN,OBJECTIVE-C",IT,PT,DBM,2,0
242,BACKEND DEVELOPER,"JULIA,CSS,PYTHON",CS,FT,P,6,1
243,REACTJS DEVELOPER,"JAVA,COBOL",IT,PT,BMP,3,0
244,JAVASCRIPT DEVELOPER,"COBOL,R",CS,F,DBMP,6,1
245,BACKEND DEVELOPER,JAVASCRIPT,IT,F,DBM,1,1
246,JAVASCRIPT DEVELOPER,R,CS,F,BM,2,0
247,FRONTEND DEVELOPER,JAVASCRIPT,CS,F,P,1,1
248,RUBY ON RAILS DEVELOPER,HTML,CS,FT,DBM,2,1
249,FRONTEND DEVELOPER,"R,RUST",CS,F,BM,1,0
250,DATA SCIENTIST,"C#,PHP,FORTRAN",CS,FT,P,12,1
251,RUBY ON RAILS DEVELOPER,OBJECTIVE-C,CS,F,D,2,1
252,FULL STACK DEVELOPER,"JAVA,PERL,JULIA",IT,FT,B,3,1
253,REACTJS DEVELOPER,"C/C++,PYTHON",CS,FT,DBMP,12,0
254,BACKEND DEVELOPER,"C/C++,RUST,HTML",IT,PT,B,1,0
255,RUBY ON RAILS DEVELOPER,"JAVASCRIPT,PYTHON,RUBY",CS,F,BM,12,1
256,MEAN STACK DEVELOPER,R,IT,FT,DBMP,2,0
257,RUBY ON RAILS DEVELOPER,"HTML,PERL,JULIA",IT,PT,M,2,0
258,RUBY ON RAILS DEVELOPER,"JULIA,C/C++,KOTLIN",IT,PT,BMP,1,1
259,FULL STACK DEVELOPER,"DART,C#",CS,PT,MP,12,0
260,MEAN STACK DEVELOPER,PYTHON,CS,PT,MP,2,1
261,FULL STACK DEVELOPER,"FORTRAN,R",CS,F,DBMP,6,0
262,BACKEND DEVELOPER,"PHP,CSS,DART",IT,PT,M,1,0
263,MEAN STACK DEVELOPER,KOTLIN,CS,FT,DB,2,0
264,FULL STACK DEVELOPER,"SQL,C/C++",IT,FT,B,2,1
265,MEAN STACK DEVELOPER,JAVASCRIPT,IT,F,BMP,12,0
266,FRONTEND DEVELOPER,"RUBY,KOTLIN",IT,F,DB,3,0
267,RUBY ON RAILS DEVELOPER,PERL,CS,F,M,2,0
268,REACTJS DEVELOPER,"COBOL,SWIFT,CSS",IT,FT,P,6,1
269,DATA ANALYST,SQL,IT,FT,BM,12,0
270,JAVASCRIPT DEVELOPER,RUST,CS,PT,B,12,1
271,WEB DEVELOPER,"R,JAVA,PYTHON",IT,FT,DBM,1,1
272,PRODUCT MANAGER,"HTML,FORTRAN,SQL",CS,FT,DBM,1,0
273,REACTJS DEVELOPER,JAVASCRIPT,CS,PT,P,1,0
274,RUBY ON RAILS DEVELOPER,"JULIA,SQL,HTML",IT,FT,DBM,3,0
275,FULL STACK DEVELOPER,HTML,CS,F,DBMP,1,0
276,DATA ANALYST,"JULIA,C#",CS,F,D,1,1
277,REACTJS DEVELOPER,CSS,IT,F,P,6,0
278,MEAN STACK DEVELOPER,"JAVA,COBOL",IT,PT,MP,2,0
279,FRONTEND DEVELOPER,SWIFT,CS,F,MP,2,1
280,PRODUCT MANAGER,COBOL,CS,F,B,1,0
281,WEB DEVELOPER,"PYTHON,JAVASCRIPT",CS,FT,D,12,0
282,PRODUCT MANAGER,"JAVA,PHP",CS,FT,MP,1,1
283,WEB DEVELOPER,"JAVASCRIPT,JULIA,KOTLIN",IT,FT,BMP,2,1
284,RUBY ON RAILS DEVELOPER,"RUST,RUBY,JAVASCRIPT",CS,PT,BMP,12,0
285,REACTJS DEVELOPER,"JULIA,PERL",IT,FT,MP,6,0
286,MEAN STACK DEVELOPER,"FORTRAN,JAVASCRIPT,SQL",IT,FT,BM,6,1
287,FRONTEND DEVELOPER,"PERL,JAVASCRIPT,CSS",CS,FT,M,6,1
288,PRODUCT MANAGER,"RUBY,JULIA,PHP",IT,FT,DBM,1,1
289,FULL STACK DEVELOPER,"PYTHON,HTML",CS,PT,DBM,3,1
290,WEB DEVELOPER,C/C++,IT,F,BMP,1,1
291,REACTJS DEVELOPER,"CSS,RUBY",CS,PT,MP,6,1
292,PYTHON DEVELOPER,"JAVASCRIPT,SWIFT,CSS",IT,FT,M,2,0
293,DATA ANALYST,C/C++,CS,PT,BM,6,0
294,REACTJS DEVELOPER,"PERL,PYTHON",IT,F,B,2,0
295,DATA ANALYST,"PHP,C/C++",CS,F,D,12,1
296,DATA ANALYST,"PERL,RUST,R",CS,FT,DB,6,1
297,MERN STACK DEVELOPER,PYTHON,IT,F,DB,6,0
298,JAVASCRIPT DEVELOPER,C/C++,IT,F,BM,2,1
299,PRODUCT MANAGER,"RUBY,CSS",CS,PT,DB,3,0
300,DATA SCIENTIST,"SQL,CSS",CS,F,MP,3,1
301,FRONTEND DEVELOPER,"JAVASCRIPT,FORTRAN",CS,PT,BMP,1,1
302,DATA SCIENTIST,PYTHON,IT,PT,DB,6,0
303,JAVASCRIPT DEVELOPER,"HTML,DART,JAVA",CS,FT,BMP,12,1
304,MEAN STACK DEVELOPER,"JAVA,KOTLIN,OBJECTIVE-C",IT,F,P,1,1
305,PYTHON DEVELOPER,"KOTLIN,SWIFT,SQL",CS,FT,B,3,1
306,PYTHON DEVELOPER,CSS,IT,PT,BM,12,1
307,DATA SCIENTIST,"C/C++,OBJECTIVE-C",CS,F,D,1,1
308,RUBY ON RAILS DEVELOPER,"PYTHON,RUBY,CSS",CS,F,MP,12,1
309,FULL STACK DEVELOPER,"PYTHON,HTML,DART",IT,FT,BM,3,1
310,FULL STACK DEVELOPER,"SQL,DART,PHP",CS,FT,M,3,0
311,MERN STACK DEVELOPER,"CSS,SQL,OBJECTIVE-C",CS,F,DBM,3,0
312,PRODUCT MANAGER,"FORTRAN,RUBY,PERL",CS,FT,M,12,0
313,FULL STACK DEVELOPER,"KOTLIN,DART,COBOL",CS,F,B,2,0
314,MERN STACK DEVELOPER,SWIFT,CS,F,P,2,0
315,DATA SCIENTIST,"RUST,FORTRAN",CS,F,D,1,0
316,MERN STACK DEVELOPER,"PYTHON,SQL,RUBY",CS,FT,BMP,3,0
317,WEB DEVELOPER,"PERL,KOTLIN,C/C++",IT,PT,B,3,1
318,PRODUCT MANAGER,"CSS,C/C++,KOTLIN",CS,PT,DB,3,0
319,RUBY ON RAILS DEVELOPER,"RUBY,C#,PYTHON",IT,F,BM,6,0
320,MERN STACK DEVELOPER,"SWIFT,JULIA",IT,F,DBM,1,1
321,RUBY ON RAILS DEVELOPER,"OBJECTIVE-C,DART",CS,PT,BM,2,0
322,PRODUCT MANAGER,"SWIFT,R,COBOL",CS,PT,BMP,6,0
323,PRODUCT MANAGER,"DART,CSS,JULIA",IT,FT,DBMP,1,1
324,JAVASCRIPT DEVELOPER,"PHP,RUBY",CS,PT,DBMP,1,0
325,PRODUCT MANAGER,R,CS,F,MP,2,1
326,MEAN STACK DEVELOPER,SWIFT,IT,PT,P,2,0
327,MERN STACK DEVELOPER,"JAVASCRIPT,PYTHON",CS,PT,MP,6,0
328,PRODUCT MANAGER,"HTML,SWIFT",CS,PT,BMP,6,0
329,JAVASCRIPT DEVELOPER,JULIA,CS,F,DBMP,1,1
330,MERN STACK DEVELOPER,"PYTHON,HTML,JULIA",CS,FT,BM,2,0
331,MEAN STACK DEVELOPER,"PYTHON,FORTRAN",CS,F,DBMP,2,1
332,REACTJS DEVELOPER,HTML,IT,PT,BM,2,1
333,JAVASCRIPT DEVELOPER,"SQL,RUST",CS,PT,P,1,0
334,REACTJS DEVELOPER,SWIFT,CS,F,MP,1,0
335,FULL STACK DEVELOPER,JAVASCRIPT,IT,F,D,2,1
336,DATA SCIENTIST,FORTRAN,IT,PT,B,3,1
337,BACKEND DEVELOPER,SQL,IT,FT,B,2,1
338,FULL STACK DEVELOPER,"RUBY,HTML",IT,F,D,2,0
339,DATA SCIENTIST,COBOL,IT,F,D,2,1
340,JAVASCRIPT DEVELOPER,"JULIA,JAVA",IT,PT,DBM,3,0
341,BACKEND DEVELOPER,"PHP,HTML",CS,FT,BMP,6,0
342,RUBY ON RAILS DEVELOPER,OBJECTIVE-C,CS,PT,DBM,6,1
343,BACKEND DEVELOPER,"PERL,R",IT,PT,DB,2,1
344,RUBY ON RAILS DEVELOPER,PERL,CS,PT,BM,3,1
345,PRODUCT MANAGER,JAVASCRIPT,IT,FT,D,12,0
346,DATA SCIENTIST,"HTML,KOTLIN,JAVASCRIPT",CS,F,DB,3,1
347,DATA SCIENTIST,"JAVASCRIPT,KOTLIN,OBJECTIVE-C",IT,FT,P,12,0
348,DATA SCIENTIST,"PERL,R,PYTHON",IT,F,M,1,1
349,FULL STACK DEVELOPER,SQL,IT,PT,MP,3,0
350,WEB DEVELOPER,"PHP,PYTHON",IT,PT,M,3,1
351,BACKEND DEVELOPER,JAVASCRIPT,CS,F,D,2,0
352,WEB DEVELOPER,R,IT,FT,BMP,3,0
353,DATA ANALYST,RUST,CS,PT,DBM,12,1
354,WEB DEVELOPER,"KOTLIN,FORTRAN,C#",IT,F,DBMP,6,0
355,JAVASCRIPT DEVELOPER,"DART,OBJECTIVE-C,PYTHON",IT,FT,BM,2,0
356,DATA SCIENTIST,"PHP,OBJECTIVE-C,FORTRAN",CS,F,DBMP,1,0
357,DATA SCIENTIST,"KOTLIN,OBJECTIVE-C,PHP",IT,F,MP,1,1
358,BACKEND DEVELOPER,"FORTRAN,PHP",CS,PT,DBM,12,1
359,DATA ANALYST,"PERL,CSS,KOTLIN",IT,PT,MP,1,0
360,FULL STACK DEVELOPER,"R,FORTRAN",CS,PT,DBMP,12,0
361,PRODUCT MANAGER,PHP,CS,PT,M,1,1
362,MERN STACK DEVELOPER,"SWIFT,C/C++,JAVASCRIPT",IT,PT,BM,1,0
363,BACKEND DEVELOPER,"OBJECTIVE-C,HTML",CS,PT,BMP,12,1
364,RUBY ON RAILS DEVELOPER,"SWIFT,FORTRAN",IT,F,M,3,0
365,MERN STACK DEVELOPER,OBJECTIVE-C,CS,FT,M,1,1
366,REACTJS DEVELOPER,"CSS,JAVA,HTML",IT,F,B,3,1
367,BACKEND DEVELOPER,"C#,R,PYTHON",IT,F,BM,2,0
368,MEAN STACK DEVELOPER,"DART,RUBY,JULIA",CS,PT,BMP,2,1
369,FULL STACK DEVELOPER,"PYTHON,KOTLIN",IT,FT,BMP,6,1
370,FRONTEND DEVELOPER,"R,COBOL,PHP",CS,F,M,12,0
371,MEAN STACK DEVELOPER,JULIA,CS,FT,MP,3,1
372,PYTHON DEVELOPER,"HTML,JAVA",CS,PT,DB,12,1
373,WEB DEVELOPER,"CSS,JAVASCRIPT",IT,F,B,1,1
374,DATA ANALYST,JAVASCRIPT,CS,PT,DBM,1,0
375,RUBY ON RAILS DEVELOPER,"JAVASCRIPT,JAVA",CS,PT,MP,3,0
376,PYTHON DEVELOPER,"PHP,HTML",CS,F,DB,6,1
377,MEAN STACK DEVELOPER,"RUST,OBJECTIVE-C,HTML",IT,PT,M,6,1
378,BACKEND DEVELOPER,"JAVASCRIPT,COBOL,JULIA",CS,F,M,3,0
379,PYTHON DEVELOPER,"JULIA,KOTLIN,CSS",IT,F,DBMP,6,1
380,FRONTEND DEVELOPER,"JAVASCRIPT,R,PYTHON",IT,FT,MP,12,1
381,FRONTEND DEVELOPER,"SQL,PYTHON,HTML",CS,FT,DB,1,1
382,JAVASCRIPT DEVELOPER,HTML,IT,FT,DB,2,1
383,WEB DEVELOPER,"OBJECTIVE-C,JAVASCRIPT",IT,PT,MP,1,1
384,FRONTEND DEVELOPER,"JAVASCRIPT,DART,C#",CS,PT,P,1,1
385,DATA SCIENTIST,"PHP,PERL,FORTRAN",CS,F,BM,2,1
386,JAVASCRIPT DEVELOPER,"JAVA,C/C++",IT,PT,DBMP,2,0
387,JAVASCRIPT DEVELOPER,"COBOL,CSS",CS,F,M,1,0
388,WEB DEVELOPER,"KOTLIN,COBOL",CS,FT,MP,3,0
389,PYTHON DEVELOPER,"PHP,R",CS,F,MP,1,0
390,PRODUCT MANAGER,"JULIA,RUBY,R",CS,PT,DBM,3,1
391,WEB DEVELOPER,DART,IT,FT,P,1,0
392,WEB DEVELOPER,"PHP,C#,KOTLIN",CS,F,MP,3,0
393,MEAN STACK DEVELOPER,C#,CS,PT,DB,1,0
394,REACTJS DEVELOPER,"PHP,KOTLIN",IT,PT,MP,1,1
395,PYTHON DEVELOPER,R,CS,F,M,6,0
396,FULL STACK DEVELOPER,"KOTLIN,C#,PERL",IT,PT,P,2,1
397,PRODUCT MANAGER,"DART,HTML",IT,PT,DB,12,1
398,FRONTEND DEVELOPER,JULIA,CS,PT,D,2,1
399,DATA SCIENTIST,FORTRAN,CS,PT,P,2,1
400,JAVASCRIPT DEVELOPER,"RUST,COBOL,SQL",IT,FT,M,3,0
401,WEB DEVELOPER,JAVA,CS,PT,DBM,12,1
402,BACKEND DEVELOPER,C#,CS,PT,B,1,1
403,JAVASCRIPT DEVELOPER,"JAVA,PHP,OBJECTIVE-C",CS,FT,D,2,1
404,BACKEND DEVELOPER,"RUST,SWIFT,RUBY",IT,F,D,3,1
405,FULL STACK DEVELOPER,"RUST,SQL",CS,FT,BMP,2,0
406,REACTJS DEVELOPER,KOTLIN,CS,F,P,6,0
407,REACTJS DEVELOPER,"JAVA,PYTHON,COBOL",IT,F,DBMP,12,0
408,PRODUCT MANAGER,RUST,IT,FT,BMP,2,0
409,FULL STACK DEVELOPER,"OBJECTIVE-C,SQL,DART",IT,FT,BM,6,1
410,FRONTEND DEVELOPER,"PHP,JAVASCRIPT",IT,FT,DBM,1,0
411,WEB DEVELOPER,"C#,HTML,C/C++",IT,PT,M,2,0
412,FULL STACK DEVELOPER,"R,PHP,C/C++",CS,PT,DBM,2,1
413,MERN STACK DEVELOPER,"HTML,PERL,FORTRAN",IT,FT,DBMP,12,1
414,PRODUCT MANAGER,"CSS,C/C++",IT,F,DB,6,0
415,MERN STACK DEVELOPER,"FORTRAN,COBOL",CS,FT,D,6,0
416,MEAN STACK DEVELOPER,"KOTLIN,JULIA",CS,FT,BMP,1,1
417,DATA SCIENTIST,SWIFT,CS,FT,DB,12,1
418,RUBY ON RAILS DEVELOPER,"KOTLIN,OBJECTIVE-C",CS,F,BMP,2,1
419,FRONTEND DEVELOPER,"SWIFT,FORTRAN,RUBY",IT,FT,M,6,0
420,RUBY ON RAILS DEVELOPER,"OBJECTIVE-C,RUST,PYTHON",CS,PT,DBM,12,1
421,DATA ANALYST,"JAVA,SWIFT",CS,PT,DB,2,1
422,MERN STACK DEVELOPER,"KOTLIN,COBOL",IT,FT,B,6,0
423,BACKEND DEVELOPER,"OBJECTIVE-C,RUST,DART",CS,F,MP,2,0
424,RUBY ON RAILS DEVELOPER,"C/C++,RUST",IT,F,BM,6,1
425,RUBY ON RAILS DEVELOPER,"RUST,PHP",CS,FT,BM,6,1
426,MEAN STACK DEVELOPER,"COBOL,RUST,R",CS,FT,M,1,1
427,MERN STACK DEVELOPER,"CSS,DART,RUBY",CS,F,BMP,1,0
428,MEAN STACK DEVELOPER,"PERL,OBJECTIVE-C",IT,FT,M,6,0
429,REACTJS DEVELOPER,"FORTRAN,RUST,SQL",IT,PT,M,2,1
430,MERN STACK DEVELOPER,"R,KOTLIN",IT,PT,M,2,0
431,WEB DEVELOPER,RUST,IT,PT,M,1,1
432,REACTJS DEVELOPER,"JULIA,PHP",IT,FT,MP,3,1
433,PYTHON DEVELOPER,"OBJECTIVE-C,JAVA",CS,FT,MP,3,1
434,RUBY ON RAILS DEVELOPER,"DART,R,FORTRAN",CS,PT,DB,1,1
435,BACKEND DEVELOPER,FORTRAN,IT,FT,D,2,1
436,DATA ANALYST,R,IT,PT,D,1,1
437,RUBY ON RAILS DEVELOPER,"HTML,R",CS,PT,MP,1,0
438,MEAN STACK DEVELOPER,SQL,IT,PT,M,6,0
439,JAVASCRIPT DEVELOPER,"SWIFT,PYTHON,RUST",CS,F,BMP,6,0
440,REACTJS DEVELOPER,R,IT,F,P,1,1
441,REACTJS DEVELOPER,"JULIA,JAVA,PYTHON",IT,PT,B,12,1
442,RUBY ON RAILS DEVELOPER,COBOL,IT,PT,DB,2,1
443,FRONTEND DEVELOPER,"RUBY,JULIA,FORTRAN",IT,PT,BMP,2,1
444,BACKEND DEVELOPER,"HTML,SWIFT",IT,FT,DBM,2,0
445,PRODUCT MANAGER,"R,RUST",CS,PT,P,2,1
446,FRONTEND DEVELOPER,"COBOL,DART,C/C++",IT,FT,DBMP,1,1
447,JAVASCRIPT DEVELOPER,PHP,IT,PT,DBM,12,1
448,REACTJS DEVELOPER,"JAVASCRIPT,R,JAVA",CS,F,BM,2,1
449,MEAN STACK DEVELOPER,"CSS,HTML",CS,F,M,12,1
450,WEB DEVELOPER,"C/C++,DART,JULIA",IT,F,DBMP,1,0
451,JAVASCRIPT DEVELOPER,"PHP,JAVA",CS,F,BM,6,0
452,RUBY ON RAILS DEVELOPER,"JAVASCRIPT,KOTLIN",IT,FT,D,2,0
453,DATA SCIENTIST,"DART,R,JULIA",IT,FT,DBMP,12,0
454,PRODUCT MANAGER,JAVASCRIPT,CS,FT,M,6,0
455,MERN STACK DEVELOPER,"OBJECTIVE-C,SQL",IT,F,M,2,1
456,BACKEND DEVELOPER,COBOL,CS,F,BMP,2,1
457,DATA SCIENTIST,PERL,CS,FT,DBMP,12,0
458,BACKEND DEVELOPER,"CSS,PERL,COBOL",IT,PT,DBM,12,0
459,FULL STACK DEVELOPER,OBJECTIVE-C,IT,FT,B,3,0
460,RUBY ON RAILS DEVELOPER,"JULIA,C/C++,FORTRAN",CS,F,D,2,1
461,MERN STACK DEVELOPER,"RUST,PHP",IT,PT,D,2,0
462,MERN STACK DEVELOPER,"C/C++,PERL",CS,PT,DB,2,1
463,REACTJS DEVELOPER,"JAVASCRIPT,PERL",CS,PT,P,12,0
464,DATA ANALYST,PHP,IT,FT,P,2,0
465,PRODUCT MANAGER,"SQL,KOTLIN,JAVA",CS,PT,DBMP,6,1
466,FULL STACK DEVELOPER,JAVASCRIPT,CS,F,D,2,0
467,FULL STACK DEVELOPER,C#,CS,FT,M,6,1
468,DATA SCIENTIST,JULIA,IT,F,DBMP,6,1
469,DATA ANALYST,DART,CS,F,DBMP,1,0
470,PRODUCT MANAGER,"COBOL,FORTRAN,SWIFT",IT,PT,M,1,0
471,WEB DEVELOPER,RUBY,CS,F,DBMP,12,0
472,WEB DEVELOPER,"CSS,COBOL,JAVASCRIPT",CS,FT,DBMP,1,1
473,WEB DEVELOPER,"SQL,JULIA,OBJECTIVE-C",CS,FT,DBMP,12,0
474,FULL STACK DEVELOPER,"CSS,KOTLIN,SQL",IT,PT,MP,1,1
475,FRONTEND DEVELOPER,"SQL,HTML",IT,F,M,1,1
476,BACKEND DEVELOPER,SQL,CS,F,BMP,12,0
477,FRONTEND DEVELOPER,"JAVASCRIPT,KOTLIN",IT,FT,BM,3,0
478,PRODUCT MANAGER,"RUBY,HTML",IT,FT,P,6,1
479,MEAN STACK DEVELOPER,CSS,IT,F,DBM,3,0
480,PRODUCT MANAGER,"PYTHON,PERL,KOTLIN",CS,PT,BM,12,1
481,RUBY ON RAILS DEVELOPER,"JULIA,DART",IT,FT,DBMP,1,1
482,RUBY ON RAILS DEVELOPER,RUBY,IT,FT,D,2,0
483,JAVASCRIPT DEVELOPER,RUST,CS,PT,B,2,0
484,MERN STACK DEVELOPER,"JAVA,DART",CS,PT,B,1,1
485,JAVASCRIPT DEVELOPER,HTML,CS,F,M,2,0
486,REACTJS DEVELOPER,"RUBY,FORTRAN",IT,FT,DBM,2,1
487,BACKEND DEVELOPER,"HTML,SWIFT,PHP",CS,PT,DBM,3,0
488,DATA ANALYST,"JAVASCRIPT,RUBY,PERL",CS,FT,DBM,6,0
489,PRODUCT MANAGER,CSS,IT,F,DBMP,1,0
490,FULL STACK DEVELOPER,"SQL,RUST",CS,PT,D,2,0
491,RUBY ON RAILS DEVELOPER,"RUST,KOTLIN",IT,F,B,6,0
492,MEAN STACK DEVELOPER,COBOL,CS,PT,M,12,1
493,DATA SCIENTIST,"DART,COBOL",IT,PT,P,3,1
494,REACTJS DEVELOPER,"PHP,RUBY,PERL",CS,PT,MP,6,1
495,DATA SCIENTIST,DART,IT,PT,DBMP,6,1
496,REACTJS DEVELOPER,JULIA,CS,F,DBM,2,1
497,PRODUCT MANAGER,SWIFT,IT,PT,M,3,0
498,FULL STACK DEVELOPER,C/C++,IT,PT,B,6,0
499,FRONTEND DEVELOPER,SQL,CS,F,P,12,0
500,WEB DEVELOPER,"OBJECTIVE-C,DART",CS,PT,M,12,0
501,DATA SCIENTIST,"RUBY,SQL,DART",IT,PT,DBMP,2,0
502,DATA SCIENTIST,"FORTRAN,SWIFT",CS,FT,DBM,2,0
503,PRODUCT MANAGER,"C/C++,HTML,FORTRAN",IT,FT,DBMP,12,1
504,MEAN STACK DEVELOPER,KOTLIN,CS,F,BM,2,0
505,WEB DEVELOPER,JULIA,IT,PT,BMP,3,1
506,BACKEND DEVELOPER,"KOTLIN,RUBY,R",CS,PT,BMP,12,0
507,MEAN STACK DEVELOPER,HTML,CS,F,BM,12,1
508,PRODUCT MANAGER,"C/C++,PYTHON,PERL",IT,F,DB,12,0
509,DATA ANALYST,"JAVASCRIPT,DART,PERL",CS,F,MP,3,0
510,JAVASCRIPT DEVELOPER,"RUBY,SWIFT",IT,PT,BM,12,1
511,REACTJS DEVELOPER,"HTML,JAVA,SQL",IT,F,D,3,0
512,BACKEND DEVELOPER,JAVA,CS,FT,DBMP,1,0
513,REACTJS DEVELOPER,"RUBY,C#",IT,PT,M,3,1
514,DATA ANALYST,"HTML,PERL",CS,F,D,3,1
515,BACKEND DEVELOPER,"PHP,SQL",CS,FT,BM,3,1
516,JAVASCRIPT DEVELOPER,"R,JAVASCRIPT,DART",IT,PT,DBMP,12,0
517,JAVASCRIPT DEVELOPER,"JAVA,JAVASCRIPT,C/C++",CS,F,DBM,3,1
518,FRONTEND DEVELOPER,"PERL,C#,PHP",IT,FT,BMP,1,1
519,BACKEND DEVELOPER,"PYTHON,JULIA,SWIFT",CS,FT,M,3,1
520,PRODUCT MANAGER,PYTHON,IT,FT,BMP,6,0
521,DATA ANALYST,"OBJECTIVE-C,C#,JULIA",CS,PT,DBMP,6,1
522,DATA ANALYST,PERL,IT,PT,DBM,3,1
523,DATA SCIENTIST,"PYTHON,JULIA,SQL",IT,FT,B,3,1
524,DATA SCIENTIST,"JAVASCRIPT,CSS,C/C++",IT,F,DB,1,0
525,DATA ANALYST,"COBOL,PYTHON",IT,FT,D,2,1
526,MERN STACK DEVELOPER,"RUST,CSS",CS,F,M,2,0
527,BACKEND DEVELOPER,"DART,FORTRAN,KOTLIN",CS,FT,M,6,0
528,PRODUCT MANAGER,"DART,PERL",CS,F,BMP,12,1
529,RUBY ON RAILS DEVELOPER,"R,CSS,SWIFT",CS,F,BMP,3,0
530,DATA SCIENTIST,"SWIFT,JAVA,RUST",CS,F,M,2,0
531,FRONTEND DEVELOPER,"JAVASCRIPT,PYTHON",CS,FT,MP,12,0
532,JAVASCRIPT DEVELOPER,PHP,IT,F,BMP,3,1
533,FRONTEND DEVELOPER,"SWIFT,PERL",CS,F,DBM,6,0
534,BACKEND DEVELOPER,"KOTLIN,FORTRAN",CS,FT,BMP,2,0
535,DATA SCIENTIST,JAVA,IT,FT,B,2,0
536,JAVASCRIPT DEVELOPER,SQL,IT,F,DB,3,0
537,PRODUCT MANAGER,"JAVA,PERL",IT,FT,P,1,1
538,BACKEND DEVELOPER,OBJECTIVE-C,CS,PT,DB,3,1
539,FRONTEND DEVELOPER,OBJECTIVE-C,CS,FT,BMP,3,1
540,MEAN STACK DEVELOPER,"HTML,JAVA,PERL",IT,FT,DBMP,3,1
541,FRONTEND DEVELOPER,KOTLIN,IT,FT,M,12,1
542,JAVASCRIPT DEVELOPER,OBJECTIVE-C,IT,PT,DB,12,1
543,FRONTEND DEVELOPER,"CSS,COBOL,PYTHON",CS,FT,B,6,0
544,BACKEND DEVELOPER,"PHP,C#",CS,PT,B,3,1
545,RUBY ON RAILS DEVELOPER,"FORTRAN,C#,HTML",CS,FT,BM,12,0
546,BACKEND DEVELOPER,"R,KOTLIN,C#",IT,F,D,12,0
547,REACTJS DEVELOPER,"C#,KOTLIN",IT,PT,DB,6,0
548,WEB DEVELOPER,CSS,CS,FT,DBM,12,1
549,JAVASCRIPT DEVELOPER,"RUST,JULIA",IT,F,BMP,1,0
550,PRODUCT MANAGER,"HTML,C/C++,CSS",CS,PT,B,3,1
551,FRONTEND DEVELOPER,C/C++,IT,F,BMP,3,1
552,PRODUCT MANAGER,"KOTLIN,SQL",IT,PT,MP,2,1
553,WEB DEVELOPER,RUBY,CS,PT,M,1,1
554,BACKEND DEVELOPER,"SQL,DART",CS,FT,DB,6,1
555,DATA SCIENTIST,"PHP,SWIFT",CS,PT,DBMP,6,0
556,DATA SCIENTIST,RUST,CS,FT,DBMP,2,0
557,MERN STACK DEVELOPER,JULIA,CS,F,DBMP,12,1
558,MEAN STACK DEVELOPER,"JULIA,RUBY,DART",CS,FT,DB,3,1
559,WEB DEVELOPER,C/C++,IT,FT,DB,3,1
560,FRONTEND DEVELOPER,"CSS,PHP,RUBY",CS,FT,BMP,6,0
561,RUBY ON RAILS DEVELOPER,R,IT,FT,BM,6,1
562,DATA ANALYST,SQL,CS,F,MP,1,0
563,BACKEND DEVELOPER,JAVA,CS,PT,DBM,3,0
564,MEAN STACK DEVELOPER,"C/C++,PYTHON",IT,FT,DB,6,0
565,BACKEND DEVELOPER,COBOL,IT,F,MP,2,1
566,PYTHON DEVELOPER,PYTHON,CS,PT,BM,6,1
567,BACKEND DEVELOPER,"COBOL,SWIFT",CS,PT,P,6,0
568,WEB DEVELOPER,FORTRAN,CS,FT,MP,1,0
569,FULL STACK DEVELOPER,"JULIA,RUBY,R",CS,FT,MP,2,1
570,MEAN STACK DEVELOPER,OBJECTIVE-C,IT,F,P,6,1
571,WEB DEVELOPER,"R,FORTRAN",CS,F,DBM,3,1
572,PRODUCT MANAGER,"PHP,C/C++",CS,FT,D,6,1
573,BACKEND DEVELOPER,"KOTLIN,PYTHON",IT,FT,DBMP,6,0
574,WEB DEVELOPER,"RUBY,KOTLIN",IT,F,DBMP,3,0
575,REACTJS DEVELOPER,PERL,IT,F,M,3,0
576,RUBY ON RAILS DEVELOPER,"PERL,SWIFT",IT,F,MP,1,1
577,MERN STACK DEVELOPER,"JULIA,JAVASCRIPT",CS,FT,P,1,0
578,DATA SCIENTIST,"C/C++,FORTRAN,SQL",CS,FT,BMP,3,1
579,FULL STACK DEVELOPER,"HTML,RUBY,KOTLIN",CS,FT,MP,3,1
580,JAVASCRIPT DEVELOPER,"JAVASCRIPT,COBOL,FORTRAN",IT,F,DB,2,0
581,DATA ANALYST,"RUBY,C#",CS,F,DB,2,1
582,WEB DEVELOPER,"JAVA,FORTRAN,RUBY",CS,PT,M,6,0
583,MERN STACK DEVELOPER,C/C++,IT,FT,MP,3,1
584,RUBY ON RAILS DEVELOPER,"C#,CSS",IT,F,DBMP,3,1
585,WEB DEVELOPER,"R,CSS",IT,FT,DB,2,0
586,MERN STACK DEVELOPER,"JULIA,C/C++,C#",IT,PT,DBMP,2,0
587,WEB DEVELOPER,"DART,JAVA",IT,FT,M,6,0
588,PYTHON DEVELOPER,"DART,OBJECTIVE-C",CS,F,D,6,0
589,DATA SCIENTIST,"C#,JAVA",IT,FT,DB,3,1
590,DATA SCIENTIST,DART,IT,PT,MP,1,1
591,DATA ANALYST,JAVA,CS,PT,BMP,6,0
592,PRODUCT MANAGER,RUST,CS,PT,BM,6,0
593,FRONTEND DEVELOPER,"R,JULIA,SWIFT",IT,FT,B,2,0
594,JAVASCRIPT DEVELOPER,C/C++,CS,FT,DBM,12,0
595,MERN STACK DEVELOPER,"DART,JAVASCRIPT",IT,F,D,6,0
596,BACKEND DEVELOPER,"PERL,SWIFT,C/C++",CS,PT,BMP,1,0
597,REACTJS DEVELOPER,"C/C++,RUBY,SQL",CS,FT,BM,6,1
598,FRONTEND DEVELOPER,"SQL,JAVASCRIPT,KOTLIN",IT,FT,MP,6,0
599,DATA ANALYST,"PERL,PYTHON,C/C++",CS,F,DBM,12,1
600,MEAN STACK DEVELOPER,"JAVA,JULIA,PYTHON",IT,PT,MP,12,0
601,DATA SCIENTIST,HTML,IT,F,DBM,2,1
602,PYTHON DEVELOPER,"C#,PYTHON,HTML",IT,PT,MP,3,1
603,DATA SCIENTIST,COBOL,CS,FT,DBM,3,0
604,FULL STACK DEVELOPER,"RUBY,JAVASCRIPT",CS,F,D,3,0
605,FRONTEND DEVELOPER,"CSS,HTML,SWIFT",IT,FT,BMP,6,1
606,DATA ANALYST,"C/C++,JULIA",CS,FT,M,1,0
607,WEB DEVELOPER,RUBY,CS,FT,MP,12,0
608,RUBY ON RAILS DEVELOPER,"RUBY,DART",CS,FT,D,1,1
609,FULL STACK DEVELOPER,R,CS,PT,DB,6,0
610,DATA ANALYST,C#,CS,F,BMP,6,0
611,BACKEND DEVELOPER,PERL,CS,PT,DBMP,6,1
612,FULL STACK DEVELOPER,"PERL,RUST",CS,FT,BM,2,0
613,MERN STACK DEVELOPER,"C/C++,SWIFT",IT,PT,B,2,1
614,REACTJS DEVELOPER,HTML,IT,PT,DBMP,3,1
615,DATA SCIENTIST,COBOL,IT,PT,D,12,1
616,FULL STACK DEVELOPER,PYTHON,IT,PT,M,3,0
617,FULL STACK DEVELOPER,RUBY,IT,F,P,2,1
618,FULL STACK DEVELOPER,"JAVA,JAVASCRIPT,CSS",CS,PT,M,2,0
619,DATA SCIENTIST,"OBJECTIVE-C,C/C++,JAVASCRIPT",IT,FT,BM,2,0
620,MEAN STACK DEVELOPER,"KOTLIN,OBJECTIVE-C",IT,FT,M,3,0
621,JAVASCRIPT DEVELOPER,"DART,FORTRAN,PHP",CS,FT,DBMP,2,1
622,MEAN STACK DEVELOPER,"CSS,JAVA",CS,FT,DBM,6,0
623,BACKEND DEVELOPER,"JAVA,SWIFT",CS,PT,DBMP,6,0
624,PRODUCT MANAGER,"CSS,KOTLIN,JAVA",CS,FT,BM,6,1
625,FRONTEND DEVELOPER,"FORTRAN,CSS",CS,FT,B,1,0
626,WEB DEVELOPER,"CSS,C#,SQL",CS,PT,P,2,0
627,BACKEND DEVELOPER,"C#,PHP",CS,PT,M,12,1
628,MEAN STACK DEVELOPER,PHP,IT,PT,B,1,1
629,DATA ANALYST,"PYTHON,C#,SQL",CS,FT,BM,12,1
630,MERN STACK DEVELOPER,"RUST,C#",CS,FT,DBM,2,0
631,PYTHON DEVELOPER,"R,FORTRAN",CS,PT,DBM,6,1
632,FULL STACK DEVELOPER,"DART,OBJECTIVE-C",CS,PT,DBMP,1,1
633,WEB DEVELOPER,"PERL,COBOL",CS,F,BM,12,0
634,FULL STACK DEVELOPER,"PHP,OBJECTIVE-C",CS,FT,DBMP,12,1
635,JAVASCRIPT DEVELOPER,"SQL,RUST",CS,FT,DB,12,0
636,JAVASCRIPT DEVELOPER,"SQL,PHP",CS,PT,DBMP,2,1
637,JAVASCRIPT DEVELOPER,JAVASCRIPT,CS,FT,D,6,1
638,FULL STACK DEVELOPER,"FORTRAN,DART",CS,PT,D,12,1
639,DATA ANALYST,"SWIFT,JAVASCRIPT,OBJECTIVE-C",IT,FT,P,1,1
640,MEAN STACK DEVELOPER,"KOTLIN,C#,CSS",CS,FT,DB,2,0
641,WEB DEVELOPER,SWIFT,IT,PT,BM,6,0
642,FULL STACK DEVELOPER,"JAVASCRIPT,R,KOTLIN",IT,F,DB,12,0
643,MEAN STACK DEVELOPER,"JULIA,PHP,SQL",CS,F,M,2,0
644,DATA ANALYST,"R,C/C++,JULIA",CS,FT,MP,2,1
645,FRONTEND DEVELOPER,"PERL,C#",IT,FT,DBMP,2,1
646,BACKEND DEVELOPER,SQL,IT,FT,B,2,0
647,FULL STACK DEVELOPER,KOTLIN,IT,PT,DBM,2,1
648,RUBY ON RAILS DEVELOPER,"C/C++,COBOL",IT,F,M,6,0
649,FRONTEND DEVELOPER,"RUST,JULIA",IT,PT,D,2,1
650,BACKEND DEVELOPER,PERL,CS,FT,M,2,0
651,WEB DEVELOPER,"HTML,SQL,JULIA",IT,FT,D,6,0
652,MERN STACK DEVELOPER,"COBOL,DART",IT,PT,B,1,0
653,PYTHON DEVELOPER,"PERL,PYTHON",IT,FT,BMP,2,1
654,WEB DEVELOPER,JAVASCRIPT,IT,F,BM,12,1
655,BACKEND DEVELOPER,"SWIFT,SQL,R",IT,PT,M,6,0
656,FULL STACK DEVELOPER,RUBY,CS,F,DBM,3,0
657,DATA SCIENTIST,SWIFT,CS,FT,P,1,0
658,WEB DEVELOPER,"C#,SWIFT,RUST",IT,F,DBM,3,1
659,WEB DEVELOPER,COBOL,CS,PT,DBM,1,1
660,PYTHON DEVELOPER,"PYTHON,OBJECTIVE-C,JAVA",CS,FT,DBMP,6,1
661,REACTJS DEVELOPER,DART,IT,PT,B,3,0
662,WEB DEVELOPER,"DART,KOTLIN,JULIA",CS,PT,DBM,2,0
663,MEAN STACK DEVELOPER,SQL,CS,PT,MP,3,0
664,DATA SCIENTIST,PERL,CS,F,B,12,1
665,RUBY ON RAILS DEVELOPER,"R,RUST",CS,FT,DBM,2,0
666,PRODUCT MANAGER,JAVA,IT,PT,B,3,1
667,JAVASCRIPT DEVELOPER,SWIFT,IT,F,DBM,1,1
668,DATA ANALYST,"RUBY,JAVA",IT,PT,M,1,1
669,FULL STACK DEVELOPER,DART,IT,FT,P,6,0
670,MEAN STACK DEVELOPER,"DART,JULIA,PYTHON",CS,F,BMP,1,1
671,DATA ANALYST,"PERL,SQL",CS,FT,BM,3,0
672,PRODUCT MANAGER,"SQL,OBJECTIVE-C",IT,F,DBM,1,1
673,REACTJS DEVELOPER,"PHP,RUST",IT,PT,BMP,12,0
674,BACKEND DEVELOPER,"JAVASCRIPT,R,PYTHON",IT,F,D,12,1
675,MERN STACK DEVELOPER,CSS,IT,F,P,3,0
676,FRONTEND DEVELOPER,"KOTLIN,RUST,JAVA",IT,FT,MP,1,1
677,REACTJS DEVELOPER,"PERL,C/C++,PHP",IT,PT,P,3,0
678,FRONTEND DEVELOPER,"R,DART",CS,PT,DBMP,3,0
679,FULL STACK DEVELOPER,"DART,PHP",IT,FT,D,3,1
680,DATA SCIENTIST,"HTML,JAVA",IT,FT,BM,2,0
681,FRONTEND DEVELOPER,PHP,IT,F,DB,12,0
682,RUBY ON RAILS DEVELOPER,C/C++,CS,FT,DBMP,12,1
683,FRONTEND DEVELOPER,"JULIA,JAVASCRIPT,R",CS,F,D,1,0
684,PYTHON DEVELOPER,"CSS,C#",CS,FT,D,1,1
685,FULL STACK DEVELOPER,"C/C++,PERL,COBOL",IT,F,B,6,1
686,RUBY ON RAILS DEVELOPER,C/C++,IT,FT,D,1,0
687,JAVASCRIPT DEVELOPER,"SWIFT,PERL,DART",CS,FT,B,6,1
688,FULL STACK DEVELOPER,"JAVASCRIPT,JAVA",CS,FT,DBM,2,0
689,BACKEND DEVELOPER,"PERL,KOTLIN",IT,F,P,2,1
690,PYTHON DEVELOPER,C#,IT,PT,DB,2,0
691,RUBY ON RAILS DEVELOPER,"DART,C#",CS,PT,DBM,12,1
692,WEB DEVELOPER,"R,COBOL",IT,PT,MP,6,0
693,RUBY ON RAILS DEVELOPER,DART,CS,PT,DBMP,1,0
694,DATA ANALYST,CSS,CS,FT,P,6,1
695,DATA SCIENTIST,"R,PERL",CS,PT,DBM,2,0
696,DATA ANALYST,JAVA,IT,FT,DBMP,3,0
697,MERN STACK DEVELOPER,"FORTRAN,JAVA,PHP",CS,FT,P,6,1
698,MEAN STACK DEVELOPER,"PERL,RUST,COBOL",IT,PT,BMP,12,1
699,MERN STACK DEVELOPER,"COBOL,SQL,C#",IT,FT,MP,3,0
700,PRODUCT MANAGER,"RUBY,PHP",CS,PT,P,6,0
701,MEAN STACK DEVELOPER,"SWIFT,C#",CS,FT,BMP,12,0
702,PYTHON DEVELOPER,SWIFT,IT,F,BMP,12,0
703,JAVASCRIPT DEVELOPER,"SWIFT,PHP",CS,FT,MP,2,0
704,REACTJS DEVELOPER,"HTML,COBOL",CS,F,DBM,3,0
705,DATA ANALYST,JULIA,IT,PT,D,2,1
706,PRODUCT MANAGER,DART,IT,F,MP,2,1
707,MERN STACK DEVELOPER,DART,IT,FT,BM,6,1
708,BACKEND DEVELOPER,RUBY,CS,F,M,1,1
709,BACKEND DEVELOPER,"SWIFT,CSS",IT,PT,DBM,12,0
710,FULL STACK DEVELOPER,"JAVASCRIPT,SQL",IT,FT,M,12,0
711,MERN STACK DEVELOPER,COBOL,CS,PT,DB,1,0
712,FULL STACK DEVELOPER,"R,FORTRAN",IT,PT,DB,6,1
713,RUBY ON RAILS DEVELOPER,"PERL,RUST,RUBY",CS,F,DBM,1,0
714,FRONTEND DEVELOPER,JAVA,IT,PT,BM,6,0
715,MERN STACK DEVELOPER,"OBJECTIVE-C,SQL,PYTHON",IT,F,DBM,6,0
716,FULL STACK DEVELOPER,SWIFT,IT,PT,BM,6,1
717,PRODUCT MANAGER,"R,SWIFT,PYTHON",IT,PT,MP,12,1
718,MEAN STACK DEVELOPER,"HTML,SWIFT,SQL",CS,PT,P,12,0
719,MERN STACK DEVELOPER,"R,CSS,C/C++",IT,PT,BM,1,0
720,MERN STACK DEVELOPER,"JULIA,PERL",CS,F,DBM,12,1
721,MERN STACK DEVELOPER,"JULIA,C/C++,JAVASCRIPT",IT,PT,D,3,1
722,MEAN STACK DEVELOPER,"C#,JULIA,RUBY",IT,F,MP,6,1
723,BACKEND DEVELOPER,"RUBY,PERL,FORTRAN",CS,FT,DBMP,6,0
724,PYTHON DEVELOPER,"JAVA,JULIA",IT,F,B,3,0
725,FULL STACK DEVELOPER,COBOL,CS,FT,BMP,2,0
726,FRONTEND DEVELOPER,"JAVASCRIPT,JULIA,OBJECTIVE-C",IT,F,DBMP,1,1
727,MEAN STACK DEVELOPER,"C/C++,HTML",IT,PT,MP,3,1
728,REACTJS DEVELOPER,"DART,FORTRAN",IT,F,DB,1,0
729,PRODUCT MANAGER,HTML,CS,F,D,12,1
730,PYTHON DEVELOPER,C#,IT,PT,D,3,0
731,DATA ANALYST,SQL,CS,PT,M,12,1
732,FULL STACK DEVELOPER,"PYTHON,FORTRAN",IT,PT,BMP,6,1
733,DATA ANALYST,"PERL,PYTHON",IT,PT,P,2,0
734,PYTHON DEVELOPER,"DART,RUBY",CS,PT,D,2,0
735,FRONTEND DEVELOPER,"OBJECTIVE-C,JAVASCRIPT,KOTLIN",CS,F,P,3,1
736,PYTHON DEVELOPER,"SQL,FORTRAN",IT,F,MP,6,0
737,FULL STACK DEVELOPER,C#,CS,F,M,1,1
738,JAVASCRIPT DEVELOPER,KOTLIN,CS,PT,DB,6,0
739,PYTHON DEVELOPER,DART,CS,FT,MP,12,0
740,RUBY ON RAILS DEVELOPER,SQL,CS,F,P,2,1
741,BACKEND DEVELOPER,"KOTLIN,PYTHON,C/C++",CS,FT,BM,2,0
742,MEAN STACK DEVELOPER,"KOTLIN,C#,HTML",IT,F,D,6,0
743,JAVASCRIPT DEVELOPER,"C#,DART",IT,F,D,12,0
744,DATA ANALYST,"KOTLIN,SQL",IT,F,DBMP,3,1
745,MERN STACK DEVELOPER,"DART,FORTRAN",CS,PT,BM,12,1
746,WEB DEVELOPER,"KOTLIN,C#,JAVA",IT,PT,B,6,1
747,FULL STACK DEVELOPER,"JAVASCRIPT,SWIFT,CSS",IT,FT,BMP,1,1
748,FULL STACK DEVELOPER,"FORTRAN,R,KOTLIN",CS,F,P,3,1
749,WEB DEVELOPER,"JULIA,HTML,KOTLIN",IT,F,DBM,6,0
750,JAVASCRIPT DEVELOPER,"FORTRAN,RUST,DART",CS,FT,DBM,1,0
751,PRODUCT MANAGER,HTML,IT,F,P,12,1
752,DATA ANALYST,"SQL,C#,PYTHON",CS,FT,DBMP,12,1
753,WEB DEVELOPER,"OBJECTIVE-C,C/C++",CS,PT,M,3,0
754,PRODUCT MANAGER,COBOL,IT,PT,DB,2,0
755,REACTJS DEVELOPER,"JAVASCRIPT,PERL,SWIFT",IT,FT,MP,6,0
756,DATA ANALYST,"JULIA,SWIFT,HTML",IT,PT,B,3,1
757,FRONTEND DEVELOPER,"HTML,SQL",IT,F,B,3,0
758,DATA ANALYST,"C#,JAVASCRIPT,SQL",IT,PT,BM,12,1
759,RUBY ON RAILS DEVELOPER,"SWIFT,RUBY,COBOL",CS,FT,M,1,0
760,FULL STACK DEVELOPER,"JULIA,C/C++,PHP",CS,FT,M,6,0
761,JAVASCRIPT DEVELOPER,"JAVASCRIPT,SQL,RUBY",IT,F,D,2,1
762,FRONTEND DEVELOPER,"C#,KOTLIN",CS,PT,DB,6,1
763,RUBY ON RAILS DEVELOPER,"PERL,SQL,DART",IT,FT,DBM,1,0
764,PYTHON DEVELOPER,"PHP,FORTRAN,RUBY",IT,PT,B,2,0
765,REACTJS DEVELOPER,"SWIFT,PYTHON,SQL",CS,PT,BM,2,1
766,MEAN STACK DEVELOPER,"JULIA,PERL",CS,F,D,1,0
767,PRODUCT MANAGER,"PHP,CSS",IT,PT,BMP,12,0
768,DATA ANALYST,"RUBY,SWIFT,JAVASCRIPT",IT,F,B,12,0
769,JAVASCRIPT DEVELOPER,C#,IT,PT,M,12,0
770,MEAN STACK DEVELOPER,"RUBY,COBOL,OBJECTIVE-C",IT,FT,DB,3,1
771,REACTJS DEVELOPER,FORTRAN,IT,FT,B,12,1
772,PYTHON DEVELOPER,"JAVA,PHP",IT,F,DBMP,3,0
773,FRONTEND DEVELOPER,"HTML,PYTHON",CS,FT,DB,2,0
774,RUBY ON RAILS DEVELOPER,"HTML,OBJECTIVE-C,CSS",CS,F,B,3,1
775,BACKEND DEVELOPER,"HTML,C#",CS,FT,M,1,0
776,DATA SCIENTIST,"DART,C/C++,PERL",CS,F,MP,12,1
777,FULL STACK DEVELOPER,"DART,RUBY",IT,F,DBMP,2,1
778,PYTHON DEVELOPER,"C#,DART,CSS",CS,F,D,12,1
779,RUBY ON RAILS DEVELOPER,"RUST,RUBY",IT,PT,DBM,12,0
780,MERN STACK DEVELOPER,"JAVASCRIPT,OBJECTIVE-C,PERL",CS,PT,BM,1,0
781,DATA ANALYST,HTML,CS,FT,MP,1,1
782,PYTHON DEVELOPER,"SQL,PERL",IT,FT,D,2,1
783,DATA SCIENTIST,FORTRAN,IT,PT,BMP,12,1
784,PYTHON DEVELOPER,"RUST,RUBY",IT,FT,D,3,0
785,DATA ANALYST,"RUST,COBOL,PHP",CS,FT,MP,2,1
786,FULL STACK DEVELOPER,C/C++,CS,F,DBM,6,1
787,FRONTEND DEVELOPER,"PHP,C#",CS,PT,DB,12,1
788,REACTJS DEVELOPER,"SWIFT,PYTHON,JAVASCRIPT",IT,FT,B,6,0
789,DATA ANALYST,DART,CS,F,DBM,1,0
790,MERN STACK DEVELOPER,"HTML,COBOL",IT,PT,MP,1,0
791,DATA ANALYST,"JAVA,PYTHON,OBJECTIVE-C",CS,FT,MP,1,1
792,PYTHON DEVELOPER,"C#,PERL",IT,F,P,1,0
793,MERN STACK DEVELOPER,"RUST,SQL",CS,PT,M,3,0
794,WEB DEVELOPER,HTML,IT,F,M,3,0
795,REACTJS DEVELOPER,COBOL,IT,FT,D,6,0
796,PYTHON DEVELOPER,PYTHON,CS,PT,M,1,1
797,RUBY ON RAILS DEVELOPER,OBJECTIVE-C,CS,PT,DBM,3,0
798,PRODUCT MANAGER,"FORTRAN,JULIA",IT,FT,M,12,1
799,JAVASCRIPT DEVELOPER,KOTLIN,IT,PT,MP,12,0
800,FRONTEND DEVELOPER,"CSS,KOTLIN",CS,FT,BM,1,1
801,RUBY ON RAILS DEVELOPER,"JAVA,R",IT,PT,B,12,1
802,MEAN STACK DEVELOPER,FORTRAN,CS,F,DBM,3,1
803,PRODUCT MANAGER,"PHP,CSS,DART",IT,FT,M,1,0
804,DATA ANALYST,"PERL,R,HTML",CS,F,D,6,1
805,RUBY ON RAILS DEVELOPER,"KOTLIN,C#",IT,F,DBM,3,1
806,PYTHON DEVELOPER,"C/C++,HTML",CS,FT,DBM,3,1
807,JAVASCRIPT DEVELOPER,"JAVASCRIPT,JULIA,FORTRAN",CS,PT,DBM,1,0
808,MERN STACK DEVELOPER,HTML,IT,F,BM,3,1
809,REACTJS DEVELOPER,FORTRAN,CS,F,DBMP,12,1
810,BACKEND DEVELOPER,"FORTRAN,SQL",IT,FT,DB,2,1
811,FRONTEND DEVELOPER,SWIFT,IT,F,B,3,1
812,RUBY ON RAILS DEVELOPER,"SQL,HTML",IT,FT,DBM,2,1
813,BACKEND DEVELOPER,R,CS,PT,D,12,0
814,FULL STACK DEVELOPER,"C/C++,R,JULIA",IT,FT,DB,12,0
815,BACKEND DEVELOPER,"SQL,R",CS,FT,B,3,1
816,FULL STACK DEVELOPER,PERL,CS,PT,P,2,0
817,PYTHON DEVELOPER,"RUBY,DART,COBOL",IT,PT,B,12,1
818,BACKEND DEVELOPER,PYTHON,CS,PT,D,12,1
819,FRONTEND DEVELOPER,DART,IT,FT,BMP,3,1
820,MERN STACK DEVELOPER,"PHP,C/C++,RUBY",IT,FT,M,3,0
821,MERN STACK DEVELOPER,"JAVASCRIPT,PHP",CS,FT,M,3,0
822,REACTJS DEVELOPER,"JAVASCRIPT,RUST,JULIA",CS,F,BMP,1,1
823,DATA ANALYST,"OBJECTIVE-C,PERL,RUBY",IT,F,BM,3,1
824,FRONTEND DEVELOPER,RUBY,CS,PT,DBM,6,0
825,MERN STACK DEVELOPER,"PERL,JAVASCRIPT",IT,F,B,12,0
826,PRODUCT MANAGER,JAVA,CS,PT,BM,6,1
827,REACTJS DEVELOPER,"JAVA,FORTRAN",IT,PT,D,6,0
828,PYTHON DEVELOPER,CSS,IT,FT,DB,3,1
829,MEAN STACK DEVELOPER,COBOL,CS,F,P,12,1
830,DATA SCIENTIST,JAVASCRIPT,CS,PT,DBM,3,0
831,RUBY ON RAILS DEVELOPER,JAVASCRIPT,IT,F,BM,6,1
832,PYTHON DEVELOPER,"PYTHON,R,OBJECTIVE-C",IT,F,D,6,0
833,WEB DEVELOPER,RUBY,CS,FT,M,1,1
834,REACTJS DEVELOPER,HTML,CS,FT,M,2,0
835,MEAN STACK DEVELOPER,"C#,KOTLIN,HTML",CS,PT,D,3,1
836,DATA ANALYST,"R,COBOL",CS,FT,D,2,1
837,PYTHON DEVELOPER,R,CS,FT,D,3,0
838,DATA ANALYST,R,CS,PT,BMP,1,1
839,PRODUCT MANAGER,"SQL,RUBY,PYTHON",IT,F,D,2,1
840,REACTJS DEVELOPER,"JAVA,R,C#",CS,FT,M,3,1
841,REACTJS DEVELOPER,"KOTLIN,HTML",IT,F,DB,2,0
842,DATA SCIENTIST,"FORTRAN,COBOL,DART",CS,FT,MP,6,0
843,MEAN STACK DEVELOPER,JAVASCRIPT,IT,F,P,6,1
844,JAVASCRIPT DEVELOPER,"KOTLIN,JAVA",IT,F,DBMP,1,1
845,BACKEND DEVELOPER,"C/C++,SWIFT",IT,F,DBM,2,0
846,WEB DEVELOPER,"CSS,PERL",IT,PT,P,1,1
847,PYTHON DEVELOPER,RUBY,IT,F,DB,3,0
848,PYTHON DEVELOPER,"SQL,HTML",CS,PT,MP,12,1
849,RUBY ON RAILS DEVELOPER,"RUST,PYTHON,OBJECTIVE-C",IT,FT,MP,2,0
850,WEB DEVELOPER,"FORTRAN,PERL",CS,FT,MP,3,0
851,PYTHON DEVELOPER,"HTML,KOTLIN",CS,PT,M,1,1
852,PYTHON DEVELOPER,"JAVA,SQL",CS,FT,D,1,1
853,FULL STACK DEVELOPER,"C#,RUST,COBOL",CS,FT,DB,1,1
854,DATA SCIENTIST,"JULIA,C#,C/C++",IT,FT,DBMP,2,0
855,MERN STACK DEVELOPER,KOTLIN,CS,PT,P,12,0
856,FRONTEND DEVELOPER,C#,CS,FT,DB,12,0
857,DATA SCIENTIST,"R,DART",IT,FT,MP,3,0
858,FRONTEND DEVELOPER,C/C++,IT,F,MP,3,1
859,BACKEND DEVELOPER,DART,CS,PT,M,6,1
860,MEAN STACK DEVELOPER,"JAVASCRIPT,PYTHON,R",CS,F,DB,2,1
861,PRODUCT MANAGER,PHP,CS,F,B,12,1
862,FRONTEND DEVELOPER,COBOL,CS,FT,DBM,6,1
863,DATA ANALYST,JAVASCRIPT,CS,FT,B,12,0
864,JAVASCRIPT DEVELOPER,"C#,RUST,R",CS,PT,DBM,1,1
865,PYTHON DEVELOPER,PHP,CS,FT,BMP,3,1
866,REACTJS DEVELOPER,"SQL,C#",CS,F,P,6,0
867,FULL STACK DEVELOPER,"C/C++,KOTLIN",IT,FT,P,2,1
868,MEAN STACK DEVELOPER,"PHP,RUBY,OBJECTIVE-C",IT,PT,D,3,1
869,PRODUCT MANAGER,OBJECTIVE-C,IT,FT,DBMP,6,0
870,MEAN STACK DEVELOPER,"SQL,OBJECTIVE-C",IT,F,DB,12,0
871,PYTHON DEVELOPER,"R,C/C++",CS,FT,DB,1,1
872,FRONTEND DEVELOPER,"DART,SWIFT",CS,PT,MP,1,0
873,FULL STACK DEVELOPER,OBJECTIVE-C,CS,PT,BM,2,1
874,PYTHON DEVELOPER,"JAVASCRIPT,JULIA,PHP",CS,FT,D,3,1
875,RUBY ON RAILS DEVELOPER,"DART,PERL",CS,FT,B,2,0
876,MERN STACK DEVELOPER,"KOTLIN,RUBY",CS,F,D,12,1
877,RUBY ON RAILS DEVELOPER,"JAVASCRIPT,DART,FORTRAN",CS,PT,BMP,1,1
878,JAVASCRIPT DEVELOPER,"C#,HTML",IT,PT,BMP,3,1
879,MEAN STACK DEVELOPER,RUBY,CS,FT,BMP,3,0
880,JAVASCRIPT DEVELOPER,"PERL,JAVA",CS,PT,P,2,1
881,REACTJS DEVELOPER,"JAVASCRIPT,C#,PERL",CS,PT,D,12,1
882,MEAN STACK DEVELOPER,PYTHON,CS,FT,DBMP,12,0
883,BACKEND DEVELOPER,"SQL,CSS,OBJECTIVE-C",IT,PT,DBM,2,0
884,MERN STACK DEVELOPER,"SWIFT,RUBY",CS,FT,DBM,1,0
885,RUBY ON RAILS DEVELOPER,"C#,RUST,HTML",IT,F,D,12,0
886,WEB DEVELOPER,"SWIFT,PERL,DART",CS,PT,DBM,1,0
887,BACKEND DEVELOPER,"SWIFT,R,C#",CS,PT,BMP,3,0
888,DATA SCIENTIST,"PERL,DART,RUBY",IT,FT,D,12,0
889,DATA SCIENTIST,JAVASCRIPT,CS,PT,BMP,1,1
890,FULL STACK DEVELOPER,"JULIA,OBJECTIVE-C,RUST",IT,FT,BMP,1,0
891,PYTHON DEVELOPER,C/C++,CS,FT,BMP,2,0
892,MEAN STACK DEVELOPER,"RUBY,RUST",CS,FT,BMP,12,1
893,MEAN STACK DEVELOPER,"R,JAVA",IT,F,DB,6,1
894,JAVASCRIPT DEVELOPER,"PYTHON,KOTLIN",CS,F,BM,2,0
895,JAVASCRIPT DEVELOPER,"JAVA,PYTHON,KOTLIN",CS,PT,DB,6,0
896,PRODUCT MANAGER,FORTRAN,IT,F,P,1,1
897,MERN STACK DEVELOPER,"C#,JULIA,FORTRAN",CS,F,MP,12,1
898,DATA ANALYST,PERL,CS,FT,B,1,1
899,DATA ANALYST,R,CS,FT,DB,6,0
900,PRODUCT MANAGER,"SWIFT,RUST,C#",CS,FT,DBMP,1,1
901,BACKEND DEVELOPER,"DART,PERL,CSS",CS,PT,M,6,0
902,WEB DEVELOPER,"PHP,OBJECTIVE-C",IT,F,DBMP,1,1
903,FRONTEND DEVELOPER,"RUBY,CSS,PYTHON",CS,F,P,12,1
904,REACTJS DEVELOPER,"RUST,CSS",IT,F,M,2,1
905,WEB DEVELOPER,"JAVASCRIPT,CSS,COBOL",IT,FT,DB,6,0
906,MERN STACK DEVELOPER,PYTHON,IT,FT,DBMP,12,0
907,MEAN STACK DEVELOPER,"DART,C/C++,HTML",IT,F,P,6,1
908,MERN STACK DEVELOPER,"SQL,R",CS,FT,P,1,1
909,MERN STACK DEVELOPER,"SQL,C#,HTML",IT,PT,MP,2,0
910,PYTHON DEVELOPER,"JAVASCRIPT,PERL,KOTLIN",CS,PT,DB,6,1
911,REACTJS DEVELOPER,"JAVA,KOTLIN,SQL",IT,PT,M,1,0
912,JAVASCRIPT DEVELOPER,"OBJECTIVE-C,HTML",IT,PT,B,12,0
913,MEAN STACK DEVELOPER,"PHP,KOTLIN,PERL",CS,PT,MP,12,0
914,PYTHON DEVELOPER,OBJECTIVE-C,IT,FT,DB,2,0
915,RUBY ON RAILS DEVELOPER,"COBOL,R,JULIA",CS,PT,MP,2,0
916,BACKEND DEVELOPER,DART,IT,PT,P,6,1
917,FULL STACK DEVELOPER,JAVA,CS,PT,BM,12,0
918,MEAN STACK DEVELOPER,"CSS,JULIA,FORTRAN",IT,FT,BM,2,0
919,BACKEND DEVELOPER,"PHP,HTML,DART",CS,FT,BM,1,1
920,FRONTEND DEVELOPER,OBJECTIVE-C,IT,F,M,3,1
921,DATA ANALYST,"CSS,COBOL,PHP",CS,PT,BMP,2,0
922,JAVASCRIPT DEVELOPER,PHP,IT,FT,DBMP,6,0
923,FULL STACK DEVELOPER,CSS,CS,F,BMP,3,0
924,FRONTEND DEVELOPER,DART,IT,FT,B,3,1
925,FRONTEND DEVELOPER,"RUST,KOTLIN",CS,F,DBMP,6,1
926,FULL STACK DEVELOPER,"PHP,HTML,RUST",IT,PT,P,3,0
927,WEB DEVELOPER,"PERL,DART",IT,PT,B,2,0
928,PYTHON DEVELOPER,"R,COBOL",CS,PT,B,12,0
929,JAVASCRIPT DEVELOPER,COBOL,CS,FT,BMP,12,0
930,RUBY ON RAILS DEVELOPER,CSS,CS,FT,BM,1,0
931,RUBY ON RAILS DEVELOPER,RUBY,IT,F,D,1,0
932,PYTHON DEVELOPER,"RUBY,JULIA,RUST",IT,FT,B,1,0
933,WEB DEVELOPER,"JAVASCRIPT,KOTLIN,SQL",CS,FT,DBM,2,1
934,PRODUCT MANAGER,"PERL,R",IT,PT,BM,1,0
935,MEAN STACK DEVELOPER,"HTML,FORTRAN",IT,FT,DBM,3,1
936,PRODUCT MANAGER,"R,FORTRAN,RUBY",IT,PT,DBMP,3,1
937,MERN STACK DEVELOPER,PHP,IT,F,D,3,1
938,BACKEND DEVELOPER,"JULIA,HTML,KOTLIN",IT,FT,BM,2,0
939,JAVASCRIPT DEVELOPER,OBJECTIVE-C,IT,F,DB,12,1
940,DATA ANALYST,"CSS,PERL,R",IT,F,M,3,0
941,JAVASCRIPT DEVELOPER,"PHP,OBJECTIVE-C,JULIA",CS,F,M,2,0
942,FULL STACK DEVELOPER,"JAVASCRIPT,JULIA",IT,F,BMP,12,1
943,MEAN STACK DEVELOPER,C/C++,IT,F,P,6,1
944,PYTHON DEVELOPER,"C/C++,HTML,SQL",IT,FT,B,12,1
945,DATA SCIENTIST,"CSS,JAVA",CS,PT,MP,6,0
946,REACTJS DEVELOPER,"JULIA,JAVA",CS,FT,DBM,1,1
947,PYTHON DEVELOPER,"RUST,RUBY,R",IT,FT,M,6,0
948,PRODUCT MANAGER,"COBOL,JULIA",IT,PT,MP,12,0
949,BACKEND DEVELOPER,"OBJECTIVE-C,R,SQL",CS,FT,MP,12,0
950,FRONTEND DEVELOPER,"FORTRAN,SQL,PERL",CS,PT,BMP,2,0
951,PYTHON DEVELOPER,"CSS,R,SQL",IT,F,P,6,1
952,MEAN STACK DEVELOPER,"R,SWIFT,HTML",CS,PT,MP,6,1
953,WEB DEVELOPER,"JAVASCRIPT,SQL,RUST",CS,FT,DB,6,1
954,MERN STACK DEVELOPER,DART,IT,PT,DB,3,1
955,JAVASCRIPT DEVELOPER,"CSS,R",IT,PT,DBM,12,1
956,MEAN STACK DEVELOPER,PYTHON,CS,PT,BM,2,1
957,FULL STACK DEVELOPER,"PERL,SWIFT",IT,FT,DB,12,1
958,MERN STACK DEVELOPER,"RUST,PHP,PERL",IT,F,BMP,6,0
959,PYTHON DEVELOPER,"HTML,JULIA",IT,PT,MP,6,0
960,PRODUCT MANAGER,"JULIA,DART",IT,PT,DB,3,1
961,PYTHON DEVELOPER,"SWIFT,DART",IT,PT,DB,12,0
962,JAVASCRIPT DEVELOPER,"OBJECTIVE-C,JAVA,SQL",CS,FT,BM,12,0
963,PRODUCT MANAGER,C/C++,CS,FT,BMP,2,0
964,MEAN STACK DEVELOPER,COBOL,CS,F,DB,12,1
965,PYTHON DEVELOPER,PYTHON,IT,FT,B,2,0
966,WEB DEVELOPER,"C#,RUST",CS,FT,D,6,1
967,PYTHON DEVELOPER,"RUBY,HTML",IT,PT,BMP,2,1
968,PYTHON DEVELOPER,JAVASCRIPT,IT,PT,DBM,2,1
969,MERN STACK DEVELOPER,JULIA,IT,F,BMP,6,0
970,REACTJS DEVELOPER,"JULIA,OBJECTIVE-C,JAVASCRIPT",CS,F,D,12,0
971,RUBY ON RAILS DEVELOPER,"OBJECTIVE-C,JAVASCRIPT,PERL",IT,PT,DBMP,6,0
972,FULL STACK DEVELOPER,"JAVA,DART,CSS",IT,FT,P,3,1
973,RUBY ON RAILS DEVELOPER,"KOTLIN,FORTRAN,JAVASCRIPT",CS,PT,BM,2,1
974,BACKEND DEVELOPER,RUST,IT,FT,DBMP,2,1
975,JAVASCRIPT DEVELOPER,"JAVASCRIPT,SQL,CSS",IT,FT,M,1,1
976,WEB DEVELOPER,RUST,CS,PT,M,6,0
977,MERN STACK DEVELOPER,COBOL,IT,F,BM,6,1
978,FULL STACK DEVELOPER,"PYTHON,KOTLIN,COBOL",CS,FT,DB,2,0
979,PYTHON DEVELOPER,R,IT,FT,BM,2,0
980,DATA SCIENTIST,"JAVASCRIPT,DART",CS,FT,M,3,0
981,FRONTEND DEVELOPER,KOTLIN,IT,F,DBMP,6,0
982,DATA SCIENTIST,JAVA,CS,F,B,3,0
983,MERN STACK DEVELOPER,"PYTHON,JAVA,RUST",IT,FT,D,2,0
984,BACKEND DEVELOPER,"COBOL,RUST",IT,PT,DBMP,3,0
985,JAVASCRIPT DEVELOPER,"RUBY,SWIFT",CS,F,MP,12,1
986,JAVASCRIPT DEVELOPER,"RUBY,JAVA,HTML",IT,PT,BM,12,0
987,FULL STACK DEVELOPER,"JULIA,OBJECTIVE-C,CSS",CS,FT,BMP,3,0
988,MERN STACK DEVELOPER,JULIA,CS,F,DBM,3,0
989,BACKEND DEVELOPER,SWIFT,CS,FT,BMP,1,0
990,DATA ANALYST,"DART,HTML,RUST",IT,FT,MP,6,0
991,JAVASCRIPT DEVELOPER,"R,C#",IT,PT,D,3,0
992,BACKEND DEVELOPER,"SWIFT,SQL,OBJECTIVE-C",CS,F,MP,12,0
993,PRODUCT MANAGER,JAVA,IT,PT,D,6,1
994,BACKEND DEVELOPER,"R,CSS,SQL",CS,F,BMP,3,0
995,REACTJS DEVELOPER,"C/C++,PYTHON",IT,PT,MP,6,1
996,MERN STACK DEVELOPER,"C#,JAVASCRIPT",IT,F,MP,2,0
997,BACKEND DEVELOPER,"KOTLIN,FORTRAN,JULIA",CS,F,BMP,2,0
998,JAVASCRIPT DEVELOPER,RUBY,CS,PT,DBMP,3,1
999,WEB DEVELOPER,JAVASCRIPT,IT,F,BM,12,1
1000,BACKEND DEVELOPER,JULIA,CS,F,DBMP,12,0
1001,FRONTEND DEVELOPER,RUBY,IT,FT,MP,12,0
1002,DATA SCIENTIST,C#,CS,F,BMP,12,1
1003,MEAN STACK DEVELOPER,"PERL,RUST",IT,FT,DBM,1,1
1004,WEB DEVELOPER,"KOTLIN,C/C++",IT,F,DBM,12,0
1005,BACKEND DEVELOPER,"SWIFT,PYTHON",CS,PT,DBMP,3,1
1006,REACTJS DEVELOPER,"R,C#",CS,PT,M,12,0
1007,WEB DEVELOPER,SQL,IT,FT,DBM,3,0
1008,BACKEND DEVELOPER,PERL,IT,PT,BMP,2,1
1009,WEB DEVELOPER,"OBJECTIVE-C,KOTLIN,HTML",IT,PT,DBM,6,1
1010,WEB DEVELOPER,JULIA,IT,FT,MP,2,0
1011,BACKEND DEVELOPER,RUST,IT,PT,DBMP,12,0
1012,BACKEND DEVELOPER,"FORTRAN,CSS,OBJECTIVE-C",IT,F,DB,2,0
1013,FRONTEND DEVELOPER,"RUBY,CSS,JULIA",IT,PT,BMP,6,0
1014,WEB DEVELOPER,"RUBY,C/C++",IT,F,BM,1,1
1015,BACKEND DEVELOPER,RUST,IT,FT,BMP,12,1
1016,DATA ANALYST,FORTRAN,CS,FT,DBMP,3,1
1017,PRODUCT MANAGER,"RUBY,PHP",IT,FT,M,2,1
1018,FULL STACK DEVELOPER,"C/C++,C#",CS,F,M,2,0
1019,MERN STACK DEVELOPER,"FORTRAN,SWIFT,PYTHON",IT,PT,M,12,0
1020,WEB DEVELOPER,OBJECTIVE-C,CS,PT,DBM,2,0
1021,BACKEND DEVELOPER,"R,PYTHON",IT,PT,DBM,3,0
1022,REACTJS DEVELOPER,JAVASCRIPT,CS,PT,BMP,6,1
1023,MERN STACK DEVELOPER,"DART,KOTLIN",IT,PT,B,1,1
1024,MEAN STACK DEVELOPER,"C/C++,R",CS,F,BMP,3,0
1025,JAVASCRIPT DEVELOPER,PYTHON,CS,F,M,12,1
1026,DATA ANALYST,"SWIFT,PYTHON",IT,FT,B,6,0
1027,WEB DEVELOPER,"C#,FORTRAN,KOTLIN",IT,FT,B,12,1
1028,MEAN STACK DEVELOPER,RUBY,CS,FT,P,6,1
1029,RUBY ON RAILS DEVELOPER,"FORTRAN,RUBY,COBOL",CS,F,DBMP,1,1
1030,FULL STACK DEVELOPER,DART,IT,F,MP,3,0
1031,BACKEND DEVELOPER,"JULIA,PHP,DART",IT,F,B,12,1
1032,MERN STACK DEVELOPER,"KOTLIN,C#,CSS",IT,PT,DBMP,1,0
1033,WEB DEVELOPER,"C/C++,FORTRAN",IT,PT,BMP,2,1
1034,DATA ANALYST,"DART,CSS,R",IT,F,B,2,1
1035,BACKEND DEVELOPER,C/C++,CS,F,DBMP,6,1
1036,BACKEND DEVELOPER,"PYTHON,OBJECTIVE-C",IT,F,DBM,2,1
1037,DATA ANALYST,C#,CS,F,DB,3,1
1038,PYTHON DEVELOPER,"KOTLIN,JAVA",CS,F,B,2,0
1039,PYTHON DEVELOPER,SQL,IT,FT,DB,12,1
1040,JAVASCRIPT DEVELOPER,"HTML,CSS",CS,PT,BMP,12,1
1041,PYTHON DEVELOPER,"PERL,KOTLIN",CS,PT,BM,3,0
1042,PYTHON DEVELOPER,SWIFT,IT,PT,DBM,2,0
1043,PYTHON DEVELOPER,"RUBY,KOTLIN",CS,F,P,6,1
1044,FRONTEND DEVELOPER,"SQL,RUST",CS,FT,DBMP,1,1
1045,WEB DEVELOPER,SWIFT,IT,F,DBMP,12,1
1046,BACKEND DEVELOPER,"SQL,SWIFT,C/C++",CS,PT,B,1,0
1047,REACTJS DEVELOPER,"C#,RUST",CS,FT,BMP,1,0
1048,MERN STACK DEVELOPER,"RUST,JAVA",IT,PT,MP,2,1
1049,WEB DEVELOPER,"SWIFT,PERL,KOTLIN",IT,PT,BM,12,1
1050,FRONTEND DEVELOPER,"RUBY,OBJECTIVE-C",CS,F,D,6,1
1051,PRODUCT MANAGER,"C#,HTML",CS,PT,B,2,0
1052,BACKEND DEVELOPER,"OBJECTIVE-C,SQL",IT,F,DBMP,12,1
1053,DATA SCIENTIST,PYTHON,IT,PT,DBM,2,0
1054,PYTHON DEVELOPER,JULIA,CS,FT,DBM,1,1
1055,WEB DEVELOPER,PERL,CS,PT,BMP,1,1
1056,FRONTEND DEVELOPER,"CSS,SQL,JULIA",IT,PT,DB,3,1
1057,MERN STACK DEVELOPER,RUST,IT,F,BMP,12,0
1058,RUBY ON RAILS DEVELOPER,PERL,IT,F,DBMP,1,0
1059,DATA ANALYST,PHP,IT,F,D,2,1
1060,FULL STACK DEVELOPER,"PHP,RUST",IT,FT,D,1,0
1061,JAVASCRIPT DEVELOPER,"CSS,PHP",IT,FT,MP,12,0
1062,REACTJS DEVELOPER,"CSS,C#",CS,FT,D,2,1
1063,WEB DEVELOPER,"COBOL,C/C++,HTML",IT,FT,P,1,1
1064,RUBY ON RAILS DEVELOPER,"HTML,KOTLIN,PERL",CS,PT,BM,2,1
1065,DATA SCIENTIST,"PERL,DART,PYTHON",IT,FT,D,12,1
1066,MEAN STACK DEVELOPER,HTML,CS,FT,P,2,0
1067,RUBY ON RAILS DEVELOPER,"PYTHON,C#,C/C++",IT,F,B,2,1
1068,REACTJS DEVELOPER,"JAVASCRIPT,RUBY",CS,F,BM,1,1
1069,JAVASCRIPT DEVELOPER,JAVASCRIPT,IT,F,BMP,6,0
1070,DATA SCIENTIST,"PYTHON,RUBY",IT,F,M,12,0
1071,DATA SCIENTIST,"COBOL,RUST",IT,FT,BMP,6,1
1072,FRONTEND DEVELOPER,COBOL,CS,F,DB,2,0
1073,FULL STACK DEVELOPER,"RUST,FORTRAN,HTML",IT,FT,DBM,12,1
1074,DATA ANALYST,SQL,IT,PT,D,1,0
1075,BACKEND DEVELOPER,"JAVA,RUBY,COBOL",CS,F,DBM,1,0
1076,REACTJS DEVELOPER,HTML,CS,F,D,6,0
1077,PYTHON DEVELOPER,JAVA,CS,PT,DBMP,6,0
1078,DATA SCIENTIST,"CSS,PHP,C#",CS,FT,MP,2,0
1079,MERN STACK DEVELOPER,"JAVA,PERL",CS,PT,DB,1,1
1080,FULL STACK DEVELOPER,RUST,IT,PT,MP,6,0
1081,PRODUCT MANAGER,C/C++,CS,F,BMP,1,0
1082,DATA SCIENTIST,"DART,JULIA,HTML",CS,FT,B,3,1
1083,DATA SCIENTIST,HTML,CS,F,BM,6,0
1084,WEB DEVELOPER,PERL,CS,F,M,12,1
1085,REACTJS DEVELOPER,COBOL,CS,F,BM,3,1
1086,FRONTEND DEVELOPER,"RUST,JULIA",CS,F,DB,12,1
1087,DATA ANALYST,CSS,IT,FT,MP,2,1
1088,PYTHON DEVELOPER,"PERL,RUBY",CS,PT,D,12,1
1089,PRODUCT MANAGER,"PYTHON,PERL",CS,F,DB,3,0
1090,BACKEND DEVELOPER,"CSS,JULIA",CS,PT,DBMP,6,0
1091,FRONTEND DEVELOPER,"RUBY,SQL,C#",IT,PT,DB,6,1
1092,REACTJS DEVELOPER,JAVASCRIPT,IT,PT,DBMP,12,0
1093,PYTHON DEVELOPER,CSS,CS,FT,DBMP,2,0
1094,RUBY ON RAILS DEVELOPER,CSS,CS,FT,DBMP,12,1
1095,FULL STACK DEVELOPER,SWIFT,IT,PT,DBMP,6,1
1096,JAVASCRIPT DEVELOPER,SWIFT,CS,PT,M,2,1
1097,REACTJS DEVELOPER,JAVA,CS,F,P,6,1
1098,RUBY ON RAILS DEVELOPER,"OBJECTIVE-C,COBOL,PYTHON",CS,PT,M,12,1
1099,MEAN STACK DEVELOPER,"PYTHON,KOTLIN,CSS",CS,F,P,1,1
1100,DATA SCIENTIST,JAVA,IT,F,P,2,1
1101,PRODUCT MANAGER,"JAVASCRIPT,C/C++",CS,F,M,6,0
1102,PYTHON DEVELOPER,"JAVASCRIPT,DART",IT,F,M,2,1
1103,MEAN STACK DEVELOPER,SWIFT,IT,F,BMP,2,1
1104,BACKEND DEVELOPER,"HTML,RUST",IT,F,DB,12,0
1105,DATA ANALYST,"R,SQL,FORTRAN",CS,PT,DBM,6,0
1106,PRODUCT MANAGER,"RUST,JAVASCRIPT,HTML",CS,PT,P,12,1
1107,BACKEND DEVELOPER,COBOL,IT,F,D,1,1
1108,RUBY ON RAILS DEVELOPER,C#,IT,FT,B,2,0
1109,RUBY ON RAILS DEVELOPER,JAVA,CS,F,P,12,0
1110,DATA ANALYST,"SWIFT,C#",IT,F,DBM,1,0
1111,PYTHON DEVELOPER,"PYTHON,C/C++,HTML",IT,FT,DBM,12,1
1112,MEAN STACK DEVELOPER,RUST,CS,F,P,6,0
1113,REACTJS DEVELOPER,"SQL,KOTLIN",CS,FT,DBM,3,0
1114,REACTJS DEVELOPER,JAVA,IT,FT,DBM,6,0
1115,REACTJS DEVELOPER,"C/C++,R,DART",IT,F,M,6,0
1116,REACTJS DEVELOPER,CSS,IT,FT,DB,6,0
1117,MERN STACK DEVELOPER,"C#,JULIA",IT,FT,DBM,12,0
1118,BACKEND DEVELOPER,"PHP,FORTRAN,C/C++",CS,F,D,12,0
1119,BACKEND DEVELOPER,"PERL,KOTLIN",CS,PT,BMP,6,1
1120,JAVASCRIPT DEVELOPER,R,IT,PT,DBM,3,0
1121,JAVASCRIPT DEVELOPER,"COBOL,OBJECTIVE-C",IT,PT,BM,12,1
1122,JAVASCRIPT DEVELOPER,"HTML,PHP,JAVA",IT,FT,M,2,1
1123,FULL STACK DEVELOPER,"RUST,SQL,RUBY",IT,PT,D,2,1
1124,MERN STACK DEVELOPER,"KOTLIN,JULIA",IT,F,DB,2,0
1125,BACKEND DEVELOPER,"KOTLIN,SWIFT,C#",IT,FT,B,3,1
1126,DATA SCIENTIST,"C/C++,PYTHON",IT,F,DB,12,0
1127,FULL STACK DEVELOPER,"JAVA,PERL,JAVASCRIPT",IT,FT,D,1,0
1128,DATA SCIENTIST,SWIFT,CS,F,P,3,0
1129,FULL STACK DEVELOPER,"OBJECTIVE-C,PHP",IT,F,D,3,1
1130,JAVASCRIPT DEVELOPER,"PYTHON,RUST",CS,PT,BMP,2,0
1131,PYTHON DEVELOPER,"C#,PERL",CS,F,B,1,1
1132,REACTJS DEVELOPER,"DART,PHP",IT,PT,B,3,0
1133,RUBY ON RAILS DEVELOPER,COBOL,CS,F,B,2,0
1134,MEAN STACK DEVELOPER,PHP,CS,F,DB,12,1
1135,DATA SCIENTIST,"COBOL,JULIA,PYTHON",CS,FT,D,6,1
1136,MERN STACK DEVELOPER,"HTML,C#,RUBY",IT,PT,B,1,0
1137,PYTHON DEVELOPER,"C#,KOTLIN,CSS",CS,FT,MP,1,0
1138,BACKEND DEVELOPER,OBJECTIVE-C,IT,F,DBM,3,0
1139,WEB DEVELOPER,"RUST,CSS,DART",IT,F,DBM,6,1
1140,PRODUCT MANAGER,"FORTRAN,CSS,DART",IT,FT,M,12,0
1141,PYTHON DEVELOPER,"SQL,RUST,SWIFT",CS,PT,B,6,1
1142,FRONTEND DEVELOPER,"SWIFT,OBJECTIVE-C,PYTHON",IT,PT,DBMP,3,1
1143,BACKEND DEVELOPER,"RUBY,JAVA",CS,F,BM,12,0
1144,MEAN STACK DEVELOPER,RUBY,IT,PT,DB,1,1
1145,FRONTEND DEVELOPER,R,IT,FT,M,3,0
1146,RUBY ON RAILS DEVELOPER,"SWIFT,COBOL,C#",IT,PT,BMP,1,0
1147,PRODUCT MANAGER,FORTRAN,IT,PT,D,12,0
1148,MEAN STACK DEVELOPER,"JAVA,KOTLIN",IT,F,DBM,6,1
1149,MEAN STACK DEVELOPER,"C#,CSS",IT,F,B,12,1
1150,PRODUCT MANAGER,"HTML,C#,CSS",CS,FT,B,1,0
1151,WEB DEVELOPER,"COBOL,SWIFT",IT,PT,DB,3,1
1152,RUBY ON RAILS DEVELOPER,CSS,CS,FT,BMP,3,0
1153,PYTHON DEVELOPER,"JAVA,PERL",CS,PT,P,3,1
1154,BACKEND DEVELOPER,"PERL,FORTRAN,HTML",CS,PT,BMP,1,0
1155,FULL STACK DEVELOPER,"C/C++,SQL,DART",CS,PT,DB,2,1
1156,RUBY ON RAILS DEVELOPER,PERL,CS,F,DB,3,0
1157,MEAN STACK DEVELOPER,JAVA,CS,PT,DBM,6,0
1158,MERN STACK DEVELOPER,"RUST,PERL",IT,F,P,3,1
1159,FULL STACK DEVELOPER,"CSS,PHP,JAVA",CS,PT,DBM,6,1
1160,MERN STACK DEVELOPER,RUST,CS,PT,BM,12,1
1161,PYTHON DEVELOPER,"RUBY,OBJECTIVE-C",IT,FT,DBM,3,1
1162,REACTJS DEVELOPER,"JAVA,C#",IT,F,DBM,2,0
1163,DATA ANALYST,"COBOL,PERL",IT,PT,DBM,2,1
1164,FRONTEND DEVELOPER,"SWIFT,PYTHON,COBOL",IT,FT,D,6,1
1165,JAVASCRIPT DEVELOPER,"COBOL,RUST",CS,F,DBM,12,0
1166,WEB DEVELOPER,RUBY,IT,F,MP,12,0
1167,FRONTEND DEVELOPER,"KOTLIN,SWIFT,JULIA",CS,PT,M,1,1
1168,FRONTEND DEVELOPER,SWIFT,CS,F,D,2,0
1169,DATA ANALYST,PHP,CS,F,DBMP,12,0
1170,WEB DEVELOPER,"PERL,FORTRAN",IT,FT,MP,1,0
1171,WEB DEVELOPER,"COBOL,OBJECTIVE-C,JAVA",IT,FT,BM,2,1
1172,MEAN STACK DEVELOPER,"SQL,PHP",CS,PT,DB,6,1
1173,PYTHON DEVELOPER,"HTML,PYTHON,CSS",CS,F,D,2,0
1174,FULL STACK DEVELOPER,"JAVA,PHP,RUBY",CS,FT,D,1,1
1175,PYTHON DEVELOPER,PERL,IT,F,D,1,1
1176,BACKEND DEVELOPER,CSS,CS,PT,DBMP,6,1
1177,PRODUCT MANAGER,"PERL,PHP,C#",CS,FT,BM,3,0
1178,JAVASCRIPT DEVELOPER,"SQL,PHP,OBJECTIVE-C",IT,FT,D,3,0
1179,WEB DEVELOPER,RUST,CS,FT,BMP,3,0
1180,PRODUCT MANAGER,"JULIA,SWIFT,C/C++",CS,F,MP,2,0
1181,DATA ANALYST,C#,IT,F,P,2,1
1182,MERN STACK DEVELOPER,SWIFT,IT,PT,BMP,1,0
1183,REACTJS DEVELOPER,JAVA,CS,PT,BMP,6,1
1184,FRONTEND DEVELOPER,"R,JAVASCRIPT",CS,PT,BMP,12,1
1185,DATA ANALYST,"R,FORTRAN,PERL",IT,F,BM,1,0
1186,WEB DEVELOPER,R,IT,F,BMP,12,0
1187,BACKEND DEVELOPER,"DART,PERL,SWIFT",CS,F,D,6,1
1188,MERN STACK DEVELOPER,"KOTLIN,R,C/C++",CS,FT,BM,1,0
1189,PRODUCT MANAGER,JAVA,IT,FT,P,2,0
1190,MERN STACK DEVELOPER,"COBOL,OBJECTIVE-C",IT,FT,MP,2,0
1191,DATA SCIENTIST,"R,C/C++",IT,FT,BM,2,1
1192,DATA SCIENTIST,"CSS,SQL",IT,F,B,12,0
1193,PYTHON DEVELOPER,"KOTLIN,JAVASCRIPT",IT,FT,BM,6,0
1194,PYTHON DEVELOPER,"C#,KOTLIN,OBJECTIVE-C",IT,PT,M,1,1
1195,DATA SCIENTIST,"PHP,PYTHON,R",CS,PT,D,2,1
1196,PYTHON DEVELOPER,"PHP,C/C++,PERL",CS,F,BMP,12,1
1197,BACKEND DEVELOPER,C#,IT,PT,M,6,1
1198,PRODUCT MANAGER,C/C++,CS,FT,M,12,1
1199,PYTHON DEVELOPER,"R,SQL",IT,F,DBMP,12,1
1200,FRONTEND DEVELOPER,JAVA,IT,F,DBMP,3,1
1201,PRODUCT MANAGER,SWIFT,CS,FT,DBM,12,0
1202,FULL STACK DEVELOPER,"PYTHON,C/C++,FORTRAN",CS,F,BMP,1,0
1203,WEB DEVELOPER,"SQL,JAVA",CS,FT,DBM,1,1
1204,FULL STACK DEVELOPER,"JAVASCRIPT,PERL,HTML",IT,F,BM,2,0
1205,DATA ANALYST,SWIFT,CS,F,BM,6,1
1206,DATA SCIENTIST,"DART,RUST,PERL",CS,F,DBM,12,0
1207,FULL STACK DEVELOPER,"C#,JAVASCRIPT,C/C++",IT,F,BM,1,0
1208,FRONTEND DEVELOPER,"CSS,RUBY,JAVA",IT,PT,MP,12,1
1209,FULL STACK DEVELOPER,"R,KOTLIN,SQL",IT,PT,DBM,2,0
1210,PRODUCT MANAGER,"PHP,R,COBOL",CS,FT,D,6,1
1211,PRODUCT MANAGER,"R,PHP,DART",IT,FT,DBM,2,1
1212,BACKEND DEVELOPER,"PHP,DART",IT,PT,BM,2,1
1213,REACTJS DEVELOPER,JAVASCRIPT,IT,FT,DBM,6,1
1214,FULL STACK DEVELOPER,"DART,RUST",IT,FT,M,6,1
1215,FRONTEND DEVELOPER,RUBY,IT,PT,B,3,0
1216,PRODUCT MANAGER,RUBY,CS,F,DBM,3,1
1217,DATA ANALYST,"KOTLIN,PHP",CS,F,D,12,0
1218,DATA ANALYST,"SWIFT,JAVASCRIPT,DART",CS,PT,MP,12,1
1219,MEAN STACK DEVELOPER,"DART,RUST,R",CS,FT,DB,12,0
1220,BACKEND DEVELOPER,"JAVASCRIPT,PHP,SWIFT",CS,F,P,1,1
1221,WEB DEVELOPER,"DART,HTML,JAVASCRIPT",CS,PT,M,2,1
1222,PRODUCT MANAGER,"RUBY,C#,RUST",CS,F,M,1,1
1223,MEAN STACK DEVELOPER,"SQL,PYTHON",IT,F,M,2,0
1224,MEAN STACK DEVELOPER,C/C++,CS,F,DBM,2,1
1225,DATA ANALYST,"KOTLIN,SQL,C#",IT,F,D,3,1
1226,MEAN STACK DEVELOPER,RUBY,CS,F,D,2,0
1227,BACKEND DEVELOPER,HTML,IT,PT,P,1,1
1228,RUBY ON RAILS DEVELOPER,"PHP,HTML,PYTHON",CS,FT,B,2,0
1229,MEAN STACK DEVELOPER,SQL,CS,F,M,6,0
1230,RUBY ON RAILS DEVELOPER,"C/C++,SQL,SWIFT",CS,PT,MP,6,1
1231,RUBY ON RAILS DEVELOPER,"JAVA,SQL,RUST",CS,F,P,6,1
1232,WEB DEVELOPER,"C/C++,R",CS,FT,B,1,1
1233,FRONTEND DEVELOPER,KOTLIN,IT,PT,BM,3,1
1234,PYTHON DEVELOPER,"OBJECTIVE-C,DART,JULIA",IT,FT,B,1,0
1235,REACTJS DEVELOPER,C/C++,CS,PT,B,1,0
1236,REACTJS DEVELOPER,"JAVASCRIPT,SWIFT,PHP",CS,PT,MP,6,0
1237,MERN STACK DEVELOPER,"PHP,FORTRAN,SQL",CS,F,P,1,0
1238,PRODUCT MANAGER,"PYTHON,JAVASCRIPT,DART",IT,PT,MP,3,1
1239,MEAN STACK DEVELOPER,"JAVA,JULIA,HTML",CS,PT,P,2,0
1240,PYTHON DEVELOPER,CSS,CS,F,BM,1,1
1241,FULL STACK DEVELOPER,PYTHON,CS,FT,MP,3,0
1242,MERN STACK DEVELOPER,"PYTHON,SWIFT,DART",IT,FT,M,1,1
1243,BACKEND DEVELOPER,JULIA,IT,FT,B,1,0
1244,MEAN STACK DEVELOPER,C/C++,IT,PT,B,3,0
1245,WEB DEVELOPER,KOTLIN,CS,F,DBMP,6,1
1246,WEB DEVELOPER,"HTML,PYTHON,RUST",CS,FT,DB,6,0
1247,BACKEND DEVELOPER,JAVASCRIPT,CS,FT,M,3,1
1248,PRODUCT MANAGER,"COBOL,FORTRAN",IT,F,B,2,0
1249,PYTHON DEVELOPER,"JAVA,KOTLIN",IT,F,MP,12,0
1250,JAVASCRIPT DEVELOPER,RUST,CS,PT,BM,1,1
1251,WEB DEVELOPER,RUBY,IT,F,P,1,0
1252,BACKEND DEVELOPER,"C/C++,R",IT,PT,BMP,1,0
1253,DATA ANALYST,"RUST,JAVA,KOTLIN",CS,F,MP,3,0
1254,RUBY ON RAILS DEVELOPER,"DART,C/C++,FORTRAN",CS,FT,B,1,0
1255,MERN STACK DEVELOPER,"JULIA,FORTRAN",CS,FT,BM,2,0
1256,REACTJS DEVELOPER,"COBOL,FORTRAN,JULIA",CS,F,BM,6,1
1257,BACKEND DEVELOPER,JULIA,CS,F,MP,2,0
1258,PYTHON DEVELOPER,KOTLIN,CS,FT,MP,3,1
1259,BACKEND DEVELOPER,"C/C++,PERL,DART",IT,PT,BMP,2,1
1260,JAVASCRIPT DEVELOPER,"JAVA,CSS,PERL",CS,PT,D,2,1
1261,JAVASCRIPT DEVELOPER,RUST,CS,FT,BMP,2,0
1262,FRONTEND DEVELOPER,JAVA,IT,FT,M,1,1
1263,MERN STACK DEVELOPER,"JULIA,KOTLIN,C/C++",CS,FT,MP,1,1
1264,PRODUCT MANAGER,"OBJECTIVE-C,PERL",IT,F,M,6,1
1265,RUBY ON RAILS DEVELOPER,"SQL,DART,RUBY",CS,FT,P,2,0
1266,JAVASCRIPT DEVELOPER,"OBJECTIVE-C,PHP",IT,PT,BMP,3,0
1267,FRONTEND DEVELOPER,HTML,IT,PT,DBMP,3,1
1268,MERN STACK DEVELOPER,"C/C++,JULIA,OBJECTIVE-C",IT,FT,B,1,0
1269,RUBY ON RAILS DEVELOPER,RUBY,CS,F,BM,1,0
1270,PRODUCT MANAGER,RUBY,CS,FT,M,6,1
1271,MERN STACK DEVELOPER,JAVASCRIPT,IT,FT,B,6,0
1272,DATA ANALYST,CSS,CS,PT,DBMP,12,1
1273,RUBY ON RAILS DEVELOPER,SQL,IT,PT,DB,3,0
1274,MERN STACK DEVELOPER,"RUBY,SQL,JAVA",CS,PT,P,3,0
1275,DATA ANALYST,"FORTRAN,C/C++,HTML",CS,FT,BMP,6,0
1276,WEB DEVELOPER,"SQL,JAVASCRIPT",IT,PT,BM,3,0
1277,MERN STACK DEVELOPER,"COBOL,FORTRAN,PYTHON",IT,PT,BMP,3,0
1278,JAVASCRIPT DEVELOPER,"PHP,DART,SQL",IT,FT,DBM,3,1
1279,RUBY ON RAILS DEVELOPER,"JULIA,RUBY",IT,F,BM,1,1
1280,BACKEND DEVELOPER,"JULIA,C/C++,PYTHON",CS,PT,D,1,0
1281,DATA ANALYST,"SWIFT,COBOL,KOTLIN",CS,FT,D,3,0
1282,FULL STACK DEVELOPER,C#,IT,F,DBMP,12,0
1283,PYTHON DEVELOPER,C#,CS,FT,DBMP,2,1
1284,PYTHON DEVELOPER,"R,JAVA",IT,PT,DB,6,0
1285,FULL STACK DEVELOPER,"RUBY,CSS",IT,FT,P,6,1
1286,FRONTEND DEVELOPER,"CSS,SWIFT",CS,PT,P,2,1
1287,MEAN STACK DEVELOPER,"DART,PYTHON,C#",CS,F,DBMP,12,0
1288,JAVASCRIPT DEVELOPER,"DART,COBOL",CS,F,BMP,6,0
1289,MEAN STACK DEVELOPER,"COBOL,FORTRAN",CS,FT,BM,3,1
1290,FRONTEND DEVELOPER,"C/C++,OBJECTIVE-C",CS,FT,BMP,2,1
1291,PYTHON DEVELOPER,RUBY,CS,F,BMP,12,1
1292,DATA SCIENTIST,"KOTLIN,CSS",CS,F,DB,12,1
1293,WEB DEVELOPER,HTML,IT,PT,DBM,12,0
1294,MERN STACK DEVELOPER,"R,COBOL,HTML",CS,FT,BMP,12,0
1295,BACKEND DEVELOPER,C#,CS,FT,DBM,3,1
1296,DATA SCIENTIST,CSS,IT,FT,D,6,0
1297,DATA ANALYST,"RUST,DART,RUBY",IT,F,P,3,1
1298,JAVASCRIPT DEVELOPER,SQL,IT,PT,M,3,1
1299,REACTJS DEVELOPER,"HTML,FORTRAN",CS,F,P,2,1
1300,MERN STACK DEVELOPER,R,IT,PT,BM,1,1
1301,DATA SCIENTIST,"SWIFT,R,KOTLIN",IT,PT,P,1,0
1302,REACTJS DEVELOPER,"PYTHON,PHP,SQL",IT,F,BM,2,0
1303,DATA SCIENTIST,"JAVA,C/C++,JULIA",IT,PT,P,2,0
1304,DATA ANALYST,"FORTRAN,RUST,C/C++",IT,F,M,6,0
1305,DATA SCIENTIST,KOTLIN,CS,FT,B,3,0
1306,MERN STACK DEVELOPER,"JULIA,CSS,RUBY",IT,PT,MP,12,1
1307,FULL STACK DEVELOPER,"JAVA,RUST,JAVASCRIPT",IT,F,M,1,0
1308,RUBY ON RAILS DEVELOPER,"OBJECTIVE-C,FORTRAN,RUST",CS,PT,BM,12,1
1309,JAVASCRIPT DEVELOPER,"C#,SWIFT,JAVA",IT,PT,BM,1,1
1310,REACTJS DEVELOPER,"DART,SWIFT",CS,PT,DBMP,6,0
1311,MEAN STACK DEVELOPER,C#,CS,PT,DBMP,12,1
1312,PRODUCT MANAGER,"PHP,COBOL",CS,F,BMP,2,1
1313,REACTJS DEVELOPER,"JAVA,SQL",CS,FT,P,3,0
1314,WEB DEVELOPER,"CSS,DART",CS,FT,D,6,1
1315,REACTJS DEVELOPER,"PERL,JAVA,DART",CS,FT,P,3,1
1316,MERN STACK DEVELOPER,"HTML,PERL,FORTRAN",CS,FT,DBMP,2,1
1317,DATA ANALYST,"C/C++,RUBY",IT,PT,B,6,0
1318,FRONTEND DEVELOPER,COBOL,IT,FT,MP,6,1
1319,FULL STACK DEVELOPER,"DART,OBJECTIVE-C,RUBY",IT,F,MP,12,1
1320,DATA SCIENTIST,"KOTLIN,CSS,C/C++",CS,FT,MP,2,0
1321,DATA ANALYST,RUST,CS,F,M,1,0
1322,WEB DEVELOPER,"RUST,CSS",CS,FT,B,12,1
1323,FRONTEND DEVELOPER,"PYTHON,SWIFT,DART",IT,PT,M,6,0
1324,JAVASCRIPT DEVELOPER,COBOL,CS,F,M,1,0
1325,MEAN STACK DEVELOPER,"C/C++,JULIA",CS,FT,M,12,0
1326,JAVASCRIPT DEVELOPER,"DART,PYTHON",IT,F,B,6,0
1327,DATA SCIENTIST,"KOTLIN,SQL,DART",IT,FT,MP,3,1
1328,MEAN STACK DEVELOPER,PERL,IT,F,BMP,6,0
1329,MERN STACK DEVELOPER,SWIFT,CS,FT,B,2,0
1330,WEB DEVELOPER,RUBY,CS,FT,MP,12,0
1331,MEAN STACK DEVELOPER,"JULIA,RUBY,C#",IT,F,BMP,1,1
1332,FRONTEND DEVELOPER,JAVA,IT,F,MP,2,0
1333,DATA ANALYST,"R,RUBY",IT,PT,B,2,0
1334,DATA ANALYST,DART,IT,F,DB,3,1
1335,PYTHON DEVELOPER,"JAVASCRIPT,C#",IT,F,DB,2,0
1336,RUBY ON RAILS DEVELOPER,"COBOL,SWIFT,JULIA",CS,PT,BMP,1,0
1337,JAVASCRIPT DEVELOPER,"OBJECTIVE-C,PYTHON",IT,FT,BM,2,1
1338,DATA SCIENTIST,RUBY,IT,PT,D,12,1
1339,MEAN STACK DEVELOPER,"KOTLIN,SWIFT",IT,F,BMP,6,0
1340,DATA ANALYST,"COBOL,PERL",IT,FT,DB,6,1
1341,PYTHON DEVELOPER,"R,JAVASCRIPT,C#",CS,F,P,3,1
1342,BACKEND DEVELOPER,"HTML,KOTLIN",IT,FT,BM,12,1
1343,WEB DEVELOPER,"JAVASCRIPT,R",IT,F,M,3,0
1344,REACTJS DEVELOPER,PHP,IT,PT,M,2,0
1345,MEAN STACK DEVELOPER,"RUST,JAVASCRIPT",IT,FT,M,6,0
1346,PYTHON DEVELOPER,"PYTHON,SWIFT",CS,F,DBMP,1,1
1347,JAVASCRIPT DEVELOPER,"RUBY,SWIFT,JULIA",CS,F,P,12,1
1348,BACKEND DEVELOPER,R,IT,FT,D,3,0
1349,RUBY ON RAILS DEVELOPER,"CSS,PERL",IT,FT,BM,2,1
1350,FULL STACK DEVELOPER,COBOL,CS,FT,BM,6,0
1351,WEB DEVELOPER,"C/C++,RUST,COBOL",IT,FT,M,2,1
1352,DATA ANALYST,CSS,CS,PT,B,12,0
1353,REACTJS DEVELOPER,JAVASCRIPT,CS,FT,D,2,0
1354,RUBY ON RAILS DEVELOPER,"PHP,PERL",IT,FT,P,2,0
1355,REACTJS DEVELOPER,"JULIA,FORTRAN",IT,F,BM,1,0
1356,MERN STACK DEVELOPER,"COBOL,PYTHON,FORTRAN",IT,F,M,2,1
1357,PYTHON DEVELOPER,PERL,IT,F,BMP,3,1
1358,JAVASCRIPT DEVELOPER,RUST,IT,PT,DBMP,6,1
1359,DATA SCIENTIST,"RUST,PHP,SWIFT",IT,F,BM,6,1
1360,DATA SCIENTIST,"PERL,C#,FORTRAN",CS,FT,DBMP,12,1
1361,MEAN STACK DEVELOPER,"DART,PERL",CS,PT,D,3,1
1362,FULL STACK DEVELOPER,"RUBY,JULIA,JAVA",IT,FT,D,3,1
1363,DATA SCIENTIST,"SWIFT,C/C++",IT,PT,B,12,1
1364,PRODUCT MANAGER,"PYTHON,HTML",CS,F,DBMP,2,0
1365,PYTHON DEVELOPER,"JAVA,RUBY,C/C++",CS,F,BM,3,1
1366,MEAN STACK DEVELOPER,"FORTRAN,RUST",CS,PT,DBM,1,1
1367,MEAN STACK DEVELOPER,"JAVA,JULIA",IT,FT,DBMP,6,0
1368,FULL STACK DEVELOPER,"C/C++,HTML,PYTHON",IT,FT,M,2,0
1369,PYTHON DEVELOPER,"FORTRAN,R,C/C++",CS,PT,B,6,0
1370,JAVASCRIPT DEVELOPER,"DART,CSS",IT,F,DBM,2,0
1371,MERN STACK DEVELOPER,R,IT,F,M,12,0
1372,RUBY ON RAILS DEVELOPER,"JAVASCRIPT,PERL",CS,FT,MP,12,0
1373,DATA ANALYST,"SWIFT,OBJECTIVE-C,JULIA",IT,F,DBM,6,1
1374,REACTJS DEVELOPER,RUBY,IT,PT,D,1,1
1375,DATA SCIENTIST,FORTRAN,IT,F,DBM,3,0
1376,DATA ANALYST,"R,SWIFT",IT,F,MP,3,1
1377,BACKEND DEVELOPER,"RUST,COBOL,DART",CS,F,DBM,3,1
1378,JAVASCRIPT DEVELOPER,"JAVA,RUBY",CS,PT,BM,1,0
1379,DATA ANALYST,"OBJECTIVE-C,PERL",IT,F,BM,6,0
1380,RUBY ON RAILS DEVELOPER,"JAVASCRIPT,KOTLIN,PERL",IT,F,DB,6,1
1381,JAVASCRIPT DEVELOPER,"JULIA,C/C++,OBJECTIVE-C",CS,F,DB,12,0
1382,JAVASCRIPT DEVELOPER,"COBOL,JULIA",CS,PT,DBMP,2,0
1383,FRONTEND DEVELOPER,"SQL,RUST,C/C++",IT,F,DB,12,0
1384,RUBY ON RAILS DEVELOPER,"JULIA,COBOL",IT,F,D,2,0
1385,REACTJS DEVELOPER,DART,CS,FT,DB,1,0
1386,MEAN STACK DEVELOPER,"C#,PYTHON",IT,F,MP,12,1
1387,BACKEND DEVELOPER,"C#,PYTHON",CS,FT,BM,1,1
1388,PYTHON DEVELOPER,OBJECTIVE-C,CS,F,B,2,1
1389,DATA ANALYST,"HTML,COBOL",CS,PT,M,6,1
1390,DATA SCIENTIST,JULIA,IT,PT,B,12,1
1391,PRODUCT MANAGER,R,CS,PT,P,6,1
1392,PRODUCT MANAGER,"C/C++,PHP",IT,PT,M,3,0
1393,DATA ANALYST,"JULIA,PERL",CS,F,P,12,1
1394,FULL STACK DEVELOPER,"CSS,PHP,DART",CS,FT,DBMP,1,1
1395,DATA SCIENTIST,DART,CS,FT,DB,12,1
1396,BACKEND DEVELOPER,"FORTRAN,C#,PHP",CS,F,P,1,0
1397,MERN STACK DEVELOPER,JAVASCRIPT,CS,PT,M,2,1
1398,PRODUCT MANAGER,RUST,IT,PT,M,12,0
1399,DATA SCIENTIST,"JAVA,COBOL,RUST",IT,F,DBM,12,1
1400,FULL STACK DEVELOPER,"JAVASCRIPT,SQL",IT,F,DBM,3,1
1401,DATA ANALYST,RUBY,IT,PT,MP,12,0
1402,JAVASCRIPT DEVELOPER,"OBJECTIVE-C,C#",CS,FT,DBMP,3,1
1403,DATA SCIENTIST,"C/C++,PYTHON",CS,FT,MP,2,1
1404,REACTJS DEVELOPER,"RUBY,RUST",IT,FT,M,1,0
1405,WEB DEVELOPER,"PHP,CSS,PYTHON",IT,FT,BMP,12,0
1406,BACKEND DEVELOPER,RUST,CS,F,DBM,1,1
1407,WEB DEVELOPER,"C#,R",CS,F,M,6,0
1408,BACKEND DEVELOPER,"PHP,RUBY",CS,PT,D,3,1
1409,DATA SCIENTIST,C/C++,CS,F,BMP,6,1
1410,JAVASCRIPT DEVELOPER,HTML,IT,PT,DB,6,0
1411,PYTHON DEVELOPER,"FORTRAN,JAVA,DART",IT,FT,BMP,6,0
1412,FRONTEND DEVELOPER,"JULIA,KOTLIN",CS,F,DB,2,0
1413,MEAN STACK DEVELOPER,"HTML,SWIFT,OBJECTIVE-C",IT,F,MP,6,0
1414,DATA SCIENTIST,"HTML,RUBY,JAVASCRIPT",CS,PT,D,6,1
1415,BACKEND DEVELOPER,"OBJECTIVE-C,RUBY",IT,FT,BMP,6,1
1416,RUBY ON RAILS DEVELOPER,CSS,IT,FT,M,12,0
1417,WEB DEVELOPER,R,IT,PT,MP,2,1
1418,PYTHON DEVELOPER,SWIFT,IT,FT,DB,12,0
1419,JAVASCRIPT DEVELOPER,"JULIA,C#",CS,FT,DB,1,1
1420,FRONTEND DEVELOPER,"JAVASCRIPT,JAVA",CS,FT,MP,1,0
1421,WEB DEVELOPER,"RUBY,PYTHON,C#",CS,F,B,1,0
1422,FRONTEND DEVELOPER,"C#,RUBY",CS,PT,P,1,0
1423,FRONTEND DEVELOPER,"OBJECTIVE-C,C/C++",CS,FT,DB,1,1
1424,WEB DEVELOPER,PYTHON,CS,FT,DB,2,1
1425,JAVASCRIPT DEVELOPER,"RUST,JULIA,SWIFT",IT,F,BM,1,1
1426,PRODUCT MANAGER,"PYTHON,C/C++",IT,PT,P,2,0
1427,BACKEND DEVELOPER,"SQL,JULIA,RUBY",CS,F,BMP,6,0
1428,JAVASCRIPT DEVELOPER,COBOL,IT,PT,BM,2,1
1429,BACKEND DEVELOPER,"PERL,COBOL",CS,PT,BM,12,1
1430,JAVASCRIPT DEVELOPER,"KOTLIN,HTML,JAVA",CS,F,MP,3,0
1431,FULL STACK DEVELOPER,"OBJECTIVE-C,PERL",IT,FT,DB,2,1
1432,RUBY ON RAILS DEVELOPER,C/C++,IT,PT,BM,1,0
1433,BACKEND DEVELOPER,CSS,CS,F,DBM,2,1
1434,FULL STACK DEVELOPER,"OBJECTIVE-C,HTML",CS,F,MP,12,0
1435,DATA ANALYST,"RUST,JULIA,R",CS,F,DBM,1,1
1436,MEAN STACK DEVELOPER,C/C++,IT,F,BM,2,0
1437,JAVASCRIPT DEVELOPER,"PYTHON,R",CS,FT,M,1,0
1438,MERN STACK DEVELOPER,"DART,C#,C/C++",IT,FT,D,2,1
1439,PRODUCT MANAGER,"RUST,SQL",IT,FT,P,3,1
1440,MERN STACK DEVELOPER,PYTHON,CS,FT,MP,2,1
1441,RUBY ON RAILS DEVELOPER,"SWIFT,DART",CS,FT,D,6,1
1442,MEAN STACK DEVELOPER,"COBOL,SWIFT,FORTRAN",CS,PT,M,12,1
1443,FULL STACK DEVELOPER,"RUST,OBJECTIVE-C,JAVASCRIPT",CS,F,P,3,0
1444,DATA ANALYST,"SWIFT,JAVA,HTML",IT,FT,M,6,0
1445,PYTHON DEVELOPER,"C#,DART",CS,PT,DBMP,12,0
1446,FRONTEND DEVELOPER,"DART,COBOL",CS,PT,D,1,0
1447,DATA ANALYST,SWIFT,IT,F,DB,3,0
1448,PRODUCT MANAGER,DART,CS,PT,BMP,1,1
1449,DATA SCIENTIST,PERL,CS,PT,DBMP,6,1
1450,PRODUCT MANAGER,"RUST,C#",CS,FT,DBM,1,0
1451,RUBY ON RAILS DEVELOPER,CSS,IT,FT,BM,2,1
1452,JAVASCRIPT DEVELOPER,"SWIFT,C#",CS,FT,B,2,0
1453,FRONTEND DEVELOPER,R,CS,PT,BMP,2,1
1454,PRODUCT MANAGER,"RUBY,DART",CS,F,BMP,1,1
1455,PRODUCT MANAGER,"DART,RUBY",IT,F,DB,2,1
1456,REACTJS DEVELOPER,"PERL,HTML",IT,F,B,3,1
1457,FULL STACK DEVELOPER,JULIA,CS,PT,M,3,0
1458,RUBY ON RAILS DEVELOPER,SWIFT,IT,FT,BM,1,1
1459,MERN STACK DEVELOPER,"KOTLIN,C/C++",IT,PT,DBM,6,1
1460,MERN STACK DEVELOPER,CSS,IT,FT,BM,12,0
1461,FRONTEND DEVELOPER,KOTLIN,CS,F,D,12,1
1462,WEB DEVELOPER,"R,KOTLIN,DART",CS,PT,DB,1,1
1463,MEAN STACK DEVELOPER,"C/C++,DART,FORTRAN",CS,F,M,12,0
1464,FRONTEND DEVELOPER,HTML,IT,F,BMP,2,0
1465,PRODUCT MANAGER,"R,RUST,SWIFT",IT,F,DB,1,1
1466,DATA ANALYST,"PYTHON,DART",CS,PT,M,6,1
1467,DATA SCIENTIST,R,CS,PT,D,2,0
1468,PYTHON DEVELOPER,"PHP,C#",IT,PT,D,2,1
1469,REACTJS DEVELOPER,OBJECTIVE-C,IT,F,BM,6,0
1470,PRODUCT MANAGER,"COBOL,KOTLIN",IT,FT,B,6,0
1471,PRODUCT MANAGER,KOTLIN,CS,PT,M,1,1
1472,DATA SCIENTIST,"CSS,JAVASCRIPT,C#",CS,FT,BMP,1,0
1473,FULL STACK DEVELOPER,"C#,FORTRAN,RUST",IT,PT,M,12,0
1474,JAVASCRIPT DEVELOPER,C/C++,IT,FT,B,2,0
1475,JAVASCRIPT DEVELOPER,"KOTLIN,CSS,JAVA",IT,FT,D,12,1
1476,MERN STACK DEVELOPER,"SWIFT,HTML,JAVA",IT,FT,DB,2,0
1477,DATA SCIENTIST,"DART,PHP,SWIFT",CS,FT,BM,1,0
1478,DATA SCIENTIST,RUST,CS,FT,DBMP,6,0
1479,DATA SCIENTIST,"C#,DART,OBJECTIVE-C",IT,FT,DBMP,2,1
1480,REACTJS DEVELOPER,"RUBY,CSS,COBOL",IT,FT,B,1,1
1481,RUBY ON RAILS DEVELOPER,"FORTRAN,KOTLIN,SQL",IT,F,DBM,2,1
1482,DATA SCIENTIST,"OBJECTIVE-C,SQL",IT,FT,D,3,0
1483,REACTJS DEVELOPER,PHP,CS,FT,BM,2,1
1484,DATA ANALYST,OBJECTIVE-C,CS,PT,P,1,0
1485,FULL STACK DEVELOPER,"PERL,RUST",IT,F,P,3,0
1486,MERN STACK DEVELOPER,SQL,CS,F,DB,12,0
1487,DATA SCIENTIST,SWIFT,IT,FT,P,3,1
1488,BACKEND DEVELOPER,"PYTHON,JULIA",CS,FT,DBMP,6,0
1489,PRODUCT MANAGER,SWIFT,IT,FT,B,3,0
1490,REACTJS DEVELOPER,"HTML,C#",IT,F,DBM,3,0
1491,BACKEND DEVELOPER,PHP,IT,F,DB,3,0
1492,JAVASCRIPT DEVELOPER,"RUBY,PERL,HTML",IT,F,P,1,0
1493,PYTHON DEVELOPER,JULIA,CS,PT,P,12,1
1494,RUBY ON RAILS DEVELOPER,C/C++,IT,PT,MP,12,1
1495,JAVASCRIPT DEVELOPER,"RUBY,DART",IT,F,P,12,0
1496,FULL STACK DEVELOPER,"C#,PHP,FORTRAN",CS,PT,DBM,6,0
1497,PYTHON DEVELOPER,"SWIFT,PERL",CS,PT,DB,1,0
1498,MEAN STACK DEVELOPER,"HTML,SWIFT,OBJECTIVE-C",CS,FT,D,6,1
1499,JAVASCRIPT DEVELOPER,"JULIA,DART,PYTHON",CS,F,MP,12,0
1500,RUBY ON RAILS DEVELOPER,"RUST,RUBY",IT,FT,DBM,1,1
1501,DATA SCIENTIST,"C#,OBJECTIVE-C,DART",IT,F,DBMP,2,1
1502,MEAN STACK DEVELOPER,KOTLIN,IT,F,DBM,2,0
1503,FULL STACK DEVELOPER,"COBOL,PYTHON,JULIA",CS,FT,DBM,12,1
1504,WEB DEVELOPER,"RUBY,PHP,R",IT,PT,BMP,2,0
1505,DATA SCIENTIST,"RUBY,PERL,JAVASCRIPT",CS,F,P,1,1
1506,REACTJS DEVELOPER,JULIA,IT,F,BMP,3,1
1507,DATA ANALYST,"PYTHON,PERL",IT,FT,DBM,6,0
1508,JAVASCRIPT DEVELOPER,"RUBY,COBOL",IT,F,MP,12,1
1509,FULL STACK DEVELOPER,RUBY,IT,F,DB,12,0
1510,RUBY ON RAILS DEVELOPER,"PYTHON,FORTRAN",CS,FT,MP,3,1
1511,FULL STACK DEVELOPER,"JAVASCRIPT,PYTHON",CS,FT,DBM,2,1
1512,WEB DEVELOPER,C#,CS,PT,BM,1,1
1513,DATA ANALYST,JAVA,IT,FT,P,1,0
1514,DATA SCIENTIST,"KOTLIN,JULIA",CS,F,DB,12,1
1515,RUBY ON RAILS DEVELOPER,"FORTRAN,PERL",CS,F,P,3,1
1516,RUBY ON RAILS DEVELOPER,"C#,SWIFT",IT,PT,DB,12,1
1517,MERN STACK DEVELOPER,"R,JAVASCRIPT",IT,FT,MP,2,1
1518,PYTHON DEVELOPER,"SWIFT,PHP",CS,PT,DBM,3,1
1519,JAVASCRIPT DEVELOPER,"COBOL,HTML,JULIA",IT,FT,MP,6,1
1520,PRODUCT MANAGER,"RUST,PHP",IT,PT,BMP,6,0
1521,DATA ANALYST,"PERL,KOTLIN,DART",IT,F,DBM,3,1
1522,MERN STACK DEVELOPER,SWIFT,CS,FT,D,1,0
1523,PRODUCT MANAGER,"JAVA,PYTHON",CS,F,M,2,1
1524,BACKEND DEVELOPER,"JAVASCRIPT,KOTLIN",IT,PT,BMP,12,1
1525,BACKEND DEVELOPER,"JAVA,DART",CS,FT,DB,6,1
1526,BACKEND DEVELOPER,DART,IT,F,DBMP,3,0
1527,MERN STACK DEVELOPER,"FORTRAN,C/C++,PHP",CS,FT,B,12,1
1528,DATA SCIENTIST,C#,IT,F,DBM,6,0
1529,PRODUCT MANAGER,CSS,IT,PT,BMP,12,0
1530,FRONTEND DEVELOPER,COBOL,CS,PT,DB,6,1
1531,JAVASCRIPT DEVELOPER,"JULIA,DART",CS,FT,DB,6,1
1532,DATA SCIENTIST,"KOTLIN,RUST",CS,F,P,3,0
1533,PRODUCT MANAGER,"RUST,FORTRAN,JAVASCRIPT",IT,FT,BMP,1,1
1534,PYTHON DEVELOPER,"OBJECTIVE-C,SQL,JULIA",CS,PT,DB,3,0
1535,FULL STACK DEVELOPER,"DART,PERL,OBJECTIVE-C",IT,PT,BMP,6,0
1536,FULL STACK DEVELOPER,"R,PHP",CS,PT,DBMP,2,1
1537,MEAN STACK DEVELOPER,HTML,CS,PT,BMP,12,1
1538,DATA ANALYST,"PHP,KOTLIN",IT,F,D,1,1
1539,BACKEND DEVELOPER,"PHP,R,PERL",CS,FT,DB,2,0
1540,DATA ANALYST,"CSS,RUBY,JAVASCRIPT",CS,PT,MP,12,0
1541,WEB DEVELOPER,"C#,JAVA,C/C++",IT,PT,B,2,1
1542,REACTJS DEVELOPER,"JAVA,COBOL",CS,PT,DBM,3,0
1543,PRODUCT MANAGER,"KOTLIN,PYTHON",IT,FT,DBMP,3,0
1544,WEB DEVELOPER,"OBJECTIVE-C,COBOL,RUBY",IT,FT,BM,3,1
1545,MEAN STACK DEVELOPER,"FORTRAN,CSS",IT,PT,B,1,1
1546,DATA ANALYST,"PHP,SQL,JAVASCRIPT",IT,PT,M,12,1
1547,DATA SCIENTIST,"CSS,R,PHP",IT,F,DBM,12,1
1548,FULL STACK DEVELOPER,"RUBY,PERL,COBOL",IT,FT,P,6,1
1549,WEB DEVELOPER,DART,IT,FT,DB,3,0
1550,DATA ANALYST,"SWIFT,HTML",CS,F,D,6,0
1551,PRODUCT MANAGER,CSS,CS,PT,DB,2,0
1552,PYTHON DEVELOPER,"HTML,SQL",CS,FT,B,2,1
1553,PRODUCT MANAGER,PERL,IT,PT,P,12,0
1554,MERN STACK DEVELOPER,RUBY,IT,PT,P,2,1
1555,FULL STACK DEVELOPER,PHP,CS,PT,DB,12,0
1556,JAVASCRIPT DEVELOPER,KOTLIN,CS,FT,BM,2,1
1557,PYTHON DEVELOPER,"C#,C/C++",IT,F,BMP,3,0
1558,MERN STACK DEVELOPER,SQL,CS,FT,DBMP,6,1
1559,WEB DEVELOPER,"JULIA,PYTHON",CS,FT,DBM,2,1
1560,DATA ANALYST,"CSS,C#",IT,PT,DBMP,12,1
1561,FRONTEND DEVELOPER,KOTLIN,CS,PT,B,6,1
1562,BACKEND DEVELOPER,PYTHON,IT,F,MP,1,0
1563,MERN STACK DEVELOPER,"RUBY,JAVA,C/C++",IT,PT,DB,2,1
1564,PYTHON DEVELOPER,COBOL,IT,FT,DB,2,1
1565,MEAN STACK DEVELOPER,CSS,IT,PT,D,2,0
1566,PRODUCT MANAGER,"COBOL,JAVASCRIPT",CS,FT,P,2,1
1567,FULL STACK DEVELOPER,SWIFT,CS,PT,BMP,12,1
1568,DATA ANALYST,"KOTLIN,JAVASCRIPT,DART",CS,FT,DB,12,1
1569,REACTJS DEVELOPER,C/C++,CS,PT,DBM,3,1
1570,DATA SCIENTIST,DART,IT,FT,D,3,0
1571,RUBY ON RAILS DEVELOPER,"COBOL,KOTLIN,JULIA",CS,PT,DBM,2,0
1572,BACKEND DEVELOPER,"CSS,C/C++",CS,F,DB,6,0
1573,DATA SCIENTIST,C/C++,IT,FT,M,12,1
1574,FULL STACK DEVELOPER,"RUBY,JULIA,RUST",CS,PT,DB,1,1
1575,PYTHON DEVELOPER,"CSS,C#",IT,PT,BM,1,1
1576,PYTHON DEVELOPER,"PHP,JAVA",CS,PT,BM,12,0
1577,BACKEND DEVELOPER,SWIFT,IT,PT,DB,6,1
1578,MEAN STACK DEVELOPER,"SQL,JAVASCRIPT,C#",CS,PT,B,3,1
1579,MEAN STACK DEVELOPER,"PHP,RUBY",IT,PT,BM,12,0
1580,FRONTEND DEVELOPER,"JULIA,JAVA",IT,PT,P,3,0
1581,RUBY ON RAILS DEVELOPER,"R,COBOL",IT,FT,DB,2,1
1582,REACTJS DEVELOPER,"RUST,HTML,KOTLIN",CS,FT,DBM,3,1
1583,WEB DEVELOPER,OBJECTIVE-C,CS,PT,MP,12,0
1584,MEAN STACK DEVELOPER,"COBOL,DART",CS,F,M,3,0
1585,BACKEND DEVELOPER,"PYTHON,C#",CS,F,DBM,12,0
1586,DATA SCIENTIST,"R,FORTRAN,JULIA",IT,FT,BMP,2,0
1587,MERN STACK DEVELOPER,"R,RUBY,OBJECTIVE-C",IT,F,P,2,1
1588,BACKEND DEVELOPER,"CSS,RUST,RUBY",CS,FT,M,6,1
1589,DATA SCIENTIST,"DART,OBJECTIVE-C",CS,FT,DBMP,12,1
1590,DATA SCIENTIST,SWIFT,IT,F,D,3,1
1591,DATA ANALYST,"DART,C/C++,RUST",CS,PT,DBM,1,1
1592,JAVASCRIPT DEVELOPER,"JAVASCRIPT,PHP",CS,FT,BMP,1,0
1593,RUBY ON RAILS DEVELOPER,"JULIA,PERL",CS,PT,MP,1,0
1594,PRODUCT MANAGER,"R,PHP,FORTRAN",CS,FT,B,3,1
1595,JAVASCRIPT DEVELOPER,"COBOL,FORTRAN",CS,F,B,12,0
1596,WEB DEVELOPER,"FORTRAN,HTML,KOTLIN",IT,F,P,2,0
1597,JAVASCRIPT DEVELOPER,PHP,CS,PT,DB,3,0
1598,REACTJS DEVELOPER,"RUST,FORTRAN,DART",CS,F,BMP,3,1
1599,PYTHON DEVELOPER,"JAVASCRIPT,JAVA,KOTLIN",CS,FT,P,1,0
1600,WEB DEVELOPER,"PERL,R",CS,F,MP,12,0
1601,DATA SCIENTIST,PYTHON,IT,FT,DBM,3,0
1602,DATA ANALYST,"HTML,C#",IT,PT,P,12,0
1603,DATA SCIENTIST,"JAVASCRIPT,C/C++,RUBY",IT,FT,D,12,1
1604,MERN STACK DEVELOPER,"HTML,C#,FORTRAN",IT,FT,B,6,1
1605,FRONTEND DEVELOPER,"SQL,HTML",IT,PT,B,6,0
1606,DATA ANALYST,"HTML,JAVA",CS,FT,DB,2,0
1607,BACKEND DEVELOPER,"DART,C/C++,RUST",CS,FT,BMP,2,1
1608,DATA ANALYST,R,IT,PT,BM,12,0
1609,FRONTEND DEVELOPER,"KOTLIN,JAVASCRIPT",CS,PT,DB,1,0
1610,PYTHON DEVELOPER,"PERL,RUBY",CS,F,M,12,1
1611,JAVASCRIPT DEVELOPER,"RUBY,DART",IT,PT,DBM,6,1
1612,RUBY ON RAILS DEVELOPER,FORTRAN,CS,F,BMP,3,1
1613,DATA ANALYST,"OBJECTIVE-C,SQL",CS,FT,BM,3,1
1614,RUBY ON RAILS DEVELOPER,"RUBY,OBJECTIVE-C",CS,FT,DBMP,3,1
1615,RUBY ON RAILS DEVELOPER,"SWIFT,SQL,PHP",CS,FT,BMP,3,0
1616,MEAN STACK DEVELOPER,"SWIFT,C#,SQL",IT,FT,M,6,1
1617,MEAN STACK DEVELOPER,"DART,HTML",CS,FT,B,6,1
1618,DATA SCIENTIST,"RUST,PYTHON",IT,F,BM,12,0
1619,WEB DEVELOPER,"COBOL,SQL",CS,PT,DBM,2,0
1620,PYTHON DEVELOPER,SWIFT,CS,F,BMP,3,0
1621,MEAN STACK DEVELOPER,PYTHON,IT,FT,DB,3,1
1622,DATA SCIENTIST,"RUST,COBOL,PERL",CS,FT,D,6,0
1623,DATA ANALYST,"RUBY,OBJECTIVE-C",CS,FT,MP,1,1
1624,JAVASCRIPT DEVELOPER,"FORTRAN,DART,JULIA",IT,PT,DBMP,12,0
1625,DATA SCIENTIST,"JAVA,C/C++",CS,PT,BMP,3,1
1626,MEAN STACK DEVELOPER,HTML,CS,FT,BMP,1,1
1627,DATA SCIENTIST,FORTRAN,CS,PT,DBMP,12,0
1628,PRODUCT MANAGER,"SWIFT,JAVA",IT,FT,DBM,1,1
1629,PYTHON DEVELOPER,"KOTLIN,PERL,JULIA",CS,F,DBM,3,0
1630,JAVASCRIPT DEVELOPER,HTML,CS,FT,MP,2,1
1631,PYTHON DEVELOPER,"HTML,SQL",CS,FT,D,3,0
1632,RUBY ON RAILS DEVELOPER,"C/C++,PHP,CSS",CS,FT,M,1,0
1633,WEB DEVELOPER,"JAVA,OBJECTIVE-C,HTML",CS,F,BMP,12,1
1634,BACKEND DEVELOPER,"DART,JAVA,RUBY",CS,FT,MP,3,1
1635,WEB DEVELOPER,C#,CS,PT,P,12,0
1636,DATA ANALYST,"FORTRAN,RUBY,PYTHON",CS,FT,MP,12,0
1637,DATA ANALYST,"PHP,PYTHON,FORTRAN",IT,PT,BMP,12,0
1638,RUBY ON RAILS DEVELOPER,RUST,IT,FT,P,2,0
1639,REACTJS DEVELOPER,"RUBY,KOTLIN",CS,FT,DBMP,3,0
1640,BACKEND DEVELOPER,JAVASCRIPT,CS,FT,MP,6,1
1641,PRODUCT MANAGER,"JAVASCRIPT,PHP,HTML",IT,F,D,2,0
1642,MERN STACK DEVELOPER,"JAVA,JULIA,OBJECTIVE-C",IT,PT,BMP,2,0
1643,MEAN STACK DEVELOPER,"CSS,C#",IT,PT,BM,1,0
1644,MERN STACK DEVELOPER,"PERL,PYTHON",IT,PT,B,6,0
1645,BACKEND DEVELOPER,"RUST,C#,C/C++",CS,PT,M,1,1
1646,JAVASCRIPT DEVELOPER,"JULIA,PHP",CS,F,M,2,0
1647,MEAN STACK DEVELOPER,"C#,RUBY,DART",CS,FT,DBM,12,0
1648,PRODUCT MANAGER,"PHP,COBOL,RUBY",IT,F,B,1,0
1649,PYTHON DEVELOPER,FORTRAN,IT,PT,B,1,0
1650,RUBY ON RAILS DEVELOPER,"PERL,FORTRAN,COBOL",CS,PT,DB,3,0
1651,JAVASCRIPT DEVELOPER,SQL,CS,F,BMP,6,0
1652,FULL STACK DEVELOPER,"C#,KOTLIN,COBOL",CS,FT,BM,2,0
1653,MEAN STACK DEVELOPER,"HTML,SQL",CS,FT,BMP,12,1
1654,FULL STACK DEVELOPER,HTML,CS,F,D,2,1
1655,DATA ANALYST,"SWIFT,R",IT,PT,P,1,0
1656,RUBY ON RAILS DEVELOPER,"DART,JAVASCRIPT,PHP",IT,FT,D,6,1
1657,JAVASCRIPT DEVELOPER,"SQL,RUST,CSS",IT,FT,M,2,0
1658,WEB DEVELOPER,C#,IT,PT,MP,2,0
1659,JAVASCRIPT DEVELOPER,"RUBY,JAVASCRIPT",IT,F,D,12,0
1660,WEB DEVELOPER,"JAVASCRIPT,JULIA,SQL",CS,F,DB,2,1
1661,DATA SCIENTIST,R,IT,PT,P,1,0
1662,DATA ANALYST,SQL,IT,PT,MP,12,0
1663,PRODUCT MANAGER,"RUST,JAVA,JAVASCRIPT",IT,PT,BM,3,0
1664,BACKEND DEVELOPER,"RUST,PERL,HTML",CS,PT,M,1,0
1665,REACTJS DEVELOPER,JAVA,IT,PT,P,2,1
1666,REACTJS DEVELOPER,"CSS,PYTHON,C#",IT,PT,BM,12,0
1667,MERN STACK DEVELOPER,"C/C++,RUBY,JAVA",IT,FT,MP,3,0
1668,FULL STACK DEVELOPER,C#,CS,F,P,6,0
1669,FRONTEND DEVELOPER,"COBOL,FORTRAN",CS,PT,BM,1,0
1670,RUBY ON RAILS DEVELOPER,C/C++,IT,FT,DBM,12,0
1671,BACKEND DEVELOPER,"C#,HTML,JAVASCRIPT",CS,F,DBMP,3,0
1672,PYTHON DEVELOPER,JAVASCRIPT,CS,F,DBM,3,1
1673,WEB DEVELOPER,RUST,CS,FT,M,3,0
1674,RUBY ON RAILS DEVELOPER,"JAVA,JAVASCRIPT,KOTLIN",CS,FT,B,1,1
1675,JAVASCRIPT DEVELOPER,C/C++,CS,FT,B,1,0
1676,MERN STACK DEVELOPER,"OBJECTIVE-C,SWIFT,R",CS,PT,DB,3,1
1677,PYTHON DEVELOPER,"CSS,R",CS,F,P,1,1
1678,REACTJS DEVELOPER,JULIA,CS,F,BM,2,1
1679,MEAN STACK DEVELOPER,"HTML,PHP",IT,FT,BMP,3,1
1680,WEB DEVELOPER,"FORTRAN,JAVA",CS,FT,DB,2,1
1681,DATA SCIENTIST,C/C++,CS,FT,D,12,0
1682,WEB DEVELOPER,"C/C++,RUBY",CS,PT,DB,12,0
1683,PRODUCT MANAGER,"JULIA,HTML,DART",IT,PT,BMP,3,1
1684,REACTJS DEVELOPER,"PHP,PERL",CS,F,MP,6,1
1685,PRODUCT MANAGER,"SWIFT,DART",CS,PT,BMP,12,0
1686,WEB DEVELOPER,PHP,IT,F,BMP,1,0
1687,WEB DEVELOPER,"C/C++,PYTHON",CS,PT,B,12,1
1688,DATA SCIENTIST,"CSS,DART,RUST",CS,FT,BM,1,0
1689,FULL STACK DEVELOPER,R,CS,PT,DBMP,6,1
1690,DATA ANALYST,"COBOL,KOTLIN",IT,PT,MP,12,1
1691,BACKEND DEVELOPER,"C#,JAVA,COBOL",CS,FT,DBMP,3,0
1692,REACTJS DEVELOPER,"OBJECTIVE-C,KOTLIN,JAVASCRIPT",IT,F,DBM,6,1
1693,BACKEND DEVELOPER,"RUBY,PERL,C#",IT,FT,B,6,1
1694,RUBY ON RAILS DEVELOPER,CSS,CS,PT,P,3,0
1695,REACTJS DEVELOPER,"KOTLIN,PERL",CS,F,DBM,1,0
1696,MERN STACK DEVELOPER,"C#,KOTLIN",CS,F,DBMP,12,1
1697,WEB DEVELOPER,"PHP,RUST",IT,F,DB,2,1
1698,PRODUCT MANAGER,"CSS,JAVASCRIPT",CS,F,D,2,1
1699,PRODUCT MANAGER,PERL,CS,PT,DB,12,0
1700,MEAN STACK DEVELOPER,"JULIA,KOTLIN",CS,FT,DBMP,3,1
1701,DATA ANALYST,KOTLIN,IT,PT,DBM,12,1
1702,MEAN STACK DEVELOPER,RUST,IT,PT,D,1,0
1703,PYTHON DEVELOPER,CSS,CS,PT,DBM,12,1
1704,BACKEND DEVELOPER,"KOTLIN,JAVA,JAVASCRIPT",CS,PT,BM,3,1
1705,FRONTEND DEVELOPER,KOTLIN,CS,FT,B,12,1
1706,BACKEND DEVELOPER,"SQL,FORTRAN",IT,PT,B,1,1
1707,WEB DEVELOPER,C#,CS,F,BM,1,1
1708,FRONTEND DEVELOPER,JAVASCRIPT,IT,FT,DB,2,0
1709,DATA SCIENTIST,"C#,DART,PERL",IT,F,DBM,2,1
1710,FRONTEND DEVELOPER,"PYTHON,DART",CS,F,BMP,6,1
1711,PYTHON DEVELOPER,"SWIFT,R,C#",IT,PT,M,6,1
1712,DATA SCIENTIST,"RUBY,CSS,RUST",IT,F,BMP,1,0
1713,MEAN STACK DEVELOPER,"COBOL,CSS",CS,F,DBMP,6,1
1714,DATA SCIENTIST,DART,CS,FT,MP,1,0
1715,FRONTEND DEVELOPER,RUST,CS,F,BMP,12,0
1716,WEB DEVELOPER,"KOTLIN,HTML",IT,FT,D,6,0
1717,BACKEND DEVELOPER,"JAVASCRIPT,R,HTML",IT,F,BMP,1,1
1718,BACKEND DEVELOPER,FORTRAN,CS,F,P,1,1
1719,PYTHON DEVELOPER,KOTLIN,IT,F,MP,2,0
1720,RUBY ON RAILS DEVELOPER,"DART,HTML",IT,F,P,1,1
1721,JAVASCRIPT DEVELOPER,"CSS,PERL,C/C++",CS,F,BM,6,0
1722,JAVASCRIPT DEVELOPER,JAVA,CS,PT,DB,3,0
1723,BACKEND DEVELOPER,"R,SWIFT",IT,FT,DB,2,1
1724,MERN STACK DEVELOPER,"RUST,RUBY,DART",IT,F,DB,6,1
1725,BACKEND DEVELOPER,HTML,IT,PT,B,6,1
1726,BACKEND DEVELOPER,"DART,COBOL",CS,F,DB,6,0
1727,DATA ANALYST,"JAVA,SWIFT",IT,F,DB,2,1
1728,DATA SCIENTIST,"PYTHON,JULIA,C#",IT,PT,P,2,1
1729,RUBY ON RAILS DEVELOPER,"OBJECTIVE-C,PERL,DART",CS,F,M,6,1
1730,RUBY ON RAILS DEVELOPER,"SWIFT,PHP,RUBY",IT,PT,BM,6,1
1731,WEB DEVELOPER,"R,C#,KOTLIN",CS,PT,B,12,0
1732,WEB DEVELOPER,FORTRAN,IT,FT,DBMP,3,1
1733,RUBY ON RAILS DEVELOPER,"JULIA,PYTHON",CS,PT,DB,2,0
1734,WEB DEVELOPER,"JAVASCRIPT,KOTLIN",CS,F,M,6,0
1735,DATA ANALYST,"C/C++,OBJECTIVE-C",CS,PT,BM,3,0
1736,BACKEND DEVELOPER,"PYTHON,COBOL",IT,FT,BM,3,0
1737,PYTHON DEVELOPER,"RUBY,PERL",CS,FT,P,1,0
1738,REACTJS DEVELOPER,PYTHON,IT,PT,P,1,0
1739,WEB DEVELOPER,RUST,IT,F,P,3,1
1740,WEB DEVELOPER,"CSS,PHP,PYTHON",CS,FT,M,12,0
1741,JAVASCRIPT DEVELOPER,"JAVASCRIPT,RUBY,C/C++",CS,F,M,2,1
1742,RUBY ON RAILS DEVELOPER,"R,HTML,C/C++",CS,F,P,6,0
1743,BACKEND DEVELOPER,KOTLIN,CS,PT,D,1,0
1744,WEB DEVELOPER,"C/C++,COBOL,R",CS,PT,BM,12,1
1745,PRODUCT MANAGER,"OBJECTIVE-C,DART",IT,F,B,2,1
1746,BACKEND DEVELOPER,"PYTHON,C/C++,OBJECTIVE-C",CS,FT,B,3,0
1747,MEAN STACK DEVELOPER,"R,RUST",IT,PT,MP,1,0
1748,WEB DEVELOPER,"C#,KOTLIN,CSS",CS,FT,BMP,6,1
1749,DATA ANALYST,"HTML,RUBY",CS,FT,BMP,6,0
1750,REACTJS DEVELOPER,KOTLIN,IT,FT,DBMP,6,1
1751,RUBY ON RAILS DEVELOPER,"OBJECTIVE-C,RUST,PHP",CS,FT,DBMP,2,1
1752,MERN STACK DEVELOPER,PHP,IT,FT,BMP,6,1
1753,PYTHON DEVELOPER,"JULIA,C#,C/C++",IT,PT,B,6,0
1754,FRONTEND DEVELOPER,R,CS,F,MP,6,0
1755,FULL STACK DEVELOPER,"KOTLIN,C#",IT,PT,BM,12,1
1756,RUBY ON RAILS DEVELOPER,SWIFT,CS,PT,M,2,0
1757,FRONTEND DEVELOPER,"RUBY,C/C++",IT,PT,BMP,12,0
1758,REACTJS DEVELOPER,"JAVASCRIPT,RUST,PYTHON",CS,FT,BMP,3,0
1759,DATA ANALYST,"JAVA,JULIA,C#",CS,F,DBMP,1,0
1760,MERN STACK DEVELOPER,"KOTLIN,OBJECTIVE-C",IT,PT,DBMP,12,1
1761,JAVASCRIPT DEVELOPER,RUST,IT,PT,BM,6,1
1762,MEAN STACK DEVELOPER,"SQL,C#,CSS",CS,PT,DBMP,12,1
1763,PYTHON DEVELOPER,"JAVA,PYTHON,PHP",CS,PT,D,2,0
1764,WEB DEVELOPER,JAVASCRIPT,IT,PT,BMP,3,0
1765,MERN STACK DEVELOPER,"JAVASCRIPT,CSS",IT,F,DBM,2,1
1766,REACTJS DEVELOPER,"OBJECTIVE-C,PERL",IT,FT,DBMP,6,0
1767,RUBY ON RAILS DEVELOPER,"C#,KOTLIN,PHP",CS,F,B,1,1
1768,PRODUCT MANAGER,"PHP,DART",CS,FT,DBMP,12,1
1769,DATA ANALYST,"PERL,R",IT,F,DB,3,0
1770,RUBY ON RAILS DEVELOPER,"KOTLIN,COBOL",CS,F,BM,2,1
1771,JAVASCRIPT DEVELOPER,C/C++,IT,F,DBM,3,0
1772,MEAN STACK DEVELOPER,DART,IT,F,P,3,1
1773,RUBY ON RAILS DEVELOPER,C/C++,CS,PT,DBMP,12,1
1774,RUBY ON RAILS DEVELOPER,"SWIFT,FORTRAN,RUST",CS,PT,P,3,1
1775,FRONTEND DEVELOPER,"PHP,RUST,PYTHON",CS,FT,BMP,12,1
1776,DATA ANALYST,"SQL,KOTLIN",IT,F,MP,1,1
1777,JAVASCRIPT DEVELOPER,RUBY,IT,PT,BM,3,0
1778,MEAN STACK DEVELOPER,CSS,CS,FT,DBM,12,0
1779,PRODUCT MANAGER,RUBY,IT,F,DBMP,6,1
1780,REACTJS DEVELOPER,KOTLIN,CS,FT,DBMP,3,1
1781,MEAN STACK DEVELOPER,"SQL,CSS,JAVA",IT,PT,B,2,1
1782,DATA SCIENTIST,"R,COBOL,C#",IT,FT,M,12,1
1783,RUBY ON RAILS DEVELOPER,"SQL,C/C++,FORTRAN",CS,FT,D,6,1
1784,MERN STACK DEVELOPER,COBOL,IT,F,P,6,1
1785,DATA ANALYST,"CSS,KOTLIN,DART",IT,PT,DBMP,2,0
1786,RUBY ON RAILS DEVELOPER,"PERL,JAVASCRIPT",CS,FT,B,3,1
1787,FRONTEND DEVELOPER,PYTHON,CS,FT,DBM,12,1
1788,PYTHON DEVELOPER,"JAVA,PERL,COBOL",IT,FT,BMP,3,0
1789,DATA ANALYST,PERL,IT,F,BM,12,0
1790,MEAN STACK DEVELOPER,C#,IT,FT,MP,6,1
1791,WEB DEVELOPER,"RUST,HTML,SWIFT",CS,FT,BM,2,0
1792,DATA SCIENTIST,PERL,IT,PT,DB,6,1
1793,RUBY ON RAILS DEVELOPER,"C#,JULIA,JAVA",IT,FT,MP,1,0
1794,WEB DEVELOPER,"C/C++,COBOL",IT,F,DBMP,3,1
1795,JAVASCRIPT DEVELOPER,RUBY,CS,F,DBMP,6,0
1796,RUBY ON RAILS DEVELOPER,"SQL,KOTLIN,COBOL",IT,PT,P,3,0
1797,RUBY ON RAILS DEVELOPER,"PERL,SQL",CS,PT,BM,1,1
1798,JAVASCRIPT DEVELOPER,"FORTRAN,PERL,PHP",IT,FT,DB,1,0
1799,REACTJS DEVELOPER,"JULIA,PHP",IT,F,BMP,3,1
1800,JAVASCRIPT DEVELOPER,"C/C++,DART",IT,F,DB,3,1
1801,DATA ANALYST,R,CS,PT,DBMP,12,1
1802,DATA ANALYST,"C/C++,JULIA",IT,FT,B,1,1
1803,WEB DEVELOPER,"C#,SQL,RUBY",CS,F,DB,12,1
1804,FRONTEND DEVELOPER,PERL,CS,F,M,12,1
1805,MERN STACK DEVELOPER,PERL,CS,F,BMP,12,0
1806,WEB DEVELOPER,"JAVASCRIPT,R",CS,F,MP,1,0
1807,JAVASCRIPT DEVELOPER,PHP,IT,F,DB,1,1
1808,MERN STACK DEVELOPER,CSS,IT,F,MP,2,1
1809,MERN STACK DEVELOPER,R,IT,FT,DBM,2,1
1810,REACTJS DEVELOPER,"SWIFT,C#",CS,F,BMP,1,1
1811,FULL STACK DEVELOPER,RUBY,IT,FT,DBM,3,0
1812,REACTJS DEVELOPER,"SWIFT,PHP,RUST",IT,FT,DBM,2,1
1813,RUBY ON RAILS DEVELOPER,"R,C/C++",IT,FT,DBMP,12,1
1814,DATA SCIENTIST,PYTHON,IT,PT,M,2,1
1815,REACTJS DEVELOPER,"C#,RUST",CS,F,DBM,2,1
1816,FULL STACK DEVELOPER,FORTRAN,IT,PT,DB,6,1
1817,JAVASCRIPT DEVELOPER,"OBJECTIVE-C,DART,FORTRAN",CS,FT,B,3,0
1818,RUBY ON RAILS DEVELOPER,"COBOL,SQL,CSS",IT,FT,M,1,0
1819,DATA SCIENTIST,"SQL,JAVASCRIPT,C#",IT,PT,M,12,0
1820,PYTHON DEVELOPER,"HTML,KOTLIN",CS,PT,DBM,1,1
1821,MERN STACK DEVELOPER,"PYTHON,JAVASCRIPT,PHP",IT,F,BMP,2,0
1822,PRODUCT MANAGER,"FORTRAN,HTML,SQL",CS,F,D,2,0
1823,JAVASCRIPT DEVELOPER,"JAVASCRIPT,SWIFT,DART",IT,F,M,6,0
1824,DATA ANALYST,"HTML,KOTLIN",IT,F,D,1,1
1825,MERN STACK DEVELOPER,CSS,CS,PT,MP,3,0
1826,BACKEND DEVELOPER,"C/C++,PERL,JAVA",IT,FT,DBMP,1,0
1827,BACKEND DEVELOPER,PYTHON,CS,PT,M,1,1
1828,FRONTEND DEVELOPER,R,CS,FT,DBM,3,1
1829,WEB DEVELOPER,JULIA,IT,FT,BMP,2,0
1830,BACKEND DEVELOPER,"C/C++,C#,KOTLIN",CS,FT,D,2,0
1831,BACKEND DEVELOPER,"JAVA,PHP,CSS",CS,PT,M,6,0
1832,BACKEND DEVELOPER,"FORTRAN,COBOL,PHP",CS,FT,DBMP,1,1
1833,DATA ANALYST,PERL,CS,PT,MP,3,0
1834,DATA ANALYST,SWIFT,CS,F,B,2,1
1835,MERN STACK DEVELOPER,"SWIFT,C/C++,RUBY",CS,FT,DB,2,1
1836,MEAN STACK DEVELOPER,KOTLIN,CS,PT,DB,1,0
1837,FULL STACK DEVELOPER,"JAVASCRIPT,PERL,PYTHON",CS,FT,BM,12,1
1838,REACTJS DEVELOPER,"HTML,JULIA",IT,F,BM,12,0
1839,FRONTEND DEVELOPER,"PERL,JAVA,CSS",CS,F,MP,2,0
1840,REACTJS DEVELOPER,COBOL,IT,F,B,12,1
1841,WEB DEVELOPER,"RUBY,C/C++",IT,FT,BMP,6,0
1842,PRODUCT MANAGER,"R,RUBY",CS,FT,B,1,0
1843,DATA SCIENTIST,"SQL,KOTLIN,JAVASCRIPT",CS,F,B,12,1
1844,FULL STACK DEVELOPER,"SWIFT,PHP",IT,FT,D,2,1
1845,FRONTEND DEVELOPER,"RUBY,C#",CS,F,BM,3,1
1846,BACKEND DEVELOPER,"RUST,KOTLIN",CS,PT,D,1,1
1847,REACTJS DEVELOPER,"KOTLIN,RUBY",CS,PT,B,3,0
1848,REACTJS DEVELOPER,RUST,IT,PT,BMP,1,1
1849,FRONTEND DEVELOPER,"RUST,KOTLIN",IT,FT,MP,12,1
1850,BACKEND DEVELOPER,"JAVASCRIPT,KOTLIN,OBJECTIVE-C",IT,FT,DBM,1,1
1851,DATA SCIENTIST,C/C++,CS,FT,DBM,1,1
1852,DATA ANALYST,"OBJECTIVE-C,PHP,FORTRAN",CS,PT,P,2,1
1853,RUBY ON RAILS DEVELOPER,"PYTHON,JAVASCRIPT,JULIA",IT,FT,D,2,1
1854,PYTHON DEVELOPER,"PERL,PYTHON,C#",CS,F,DBM,3,1
1855,PRODUCT MANAGER,"C/C++,PERL",IT,FT,DBM,12,0
1856,DATA ANALYST,"PYTHON,KOTLIN,PHP",IT,FT,M,1,0
1857,MEAN STACK DEVELOPER,HTML,IT,PT,B,2,1
1858,JAVASCRIPT DEVELOPER,PERL,IT,PT,DBMP,2,1
1859,JAVASCRIPT DEVELOPER,"C/C++,PERL",IT,PT,DBMP,1,1
1860,RUBY ON RAILS DEVELOPER,"DART,CSS",CS,PT,B,2,1
1861,DATA SCIENTIST,FORTRAN,CS,FT,DBM,6,0
1862,FULL STACK DEVELOPER,"RUST,SWIFT",IT,FT,DB,6,0
1863,MEAN STACK DEVELOPER,"OBJECTIVE-C,PHP",IT,FT,MP,12,1
1864,DATA SCIENTIST,SWIFT,CS,F,DBM,3,0
1865,MEAN STACK DEVELOPER,FORTRAN,CS,PT,MP,12,0
1866,WEB DEVELOPER,"SQL,COBOL,C/C++",CS,FT,BM,6,0
1867,RUBY ON RAILS DEVELOPER,"R,SQL,C#",IT,FT,BM,2,1
1868,PYTHON DEVELOPER,"HTML,RUST",CS,FT,B,12,0
1869,WEB DEVELOPER,"R,COBOL,RUBY",IT,F,DBMP,3,1
1870,JAVASCRIPT DEVELOPER,"OBJECTIVE-C,RUBY",CS,F,DBMP,3,0
1871,REACTJS DEVELOPER,"PHP,JULIA,JAVASCRIPT",IT,PT,DBMP,1,0
1872,RUBY ON RAILS DEVELOPER,C#,IT,FT,DBMP,6,1
1873,BACKEND DEVELOPER,PHP,CS,FT,M,12,1
1874,FRONTEND DEVELOPER,"SQL,PERL",IT,FT,P,12,1
1875,DATA ANALYST,"CSS,JAVASCRIPT",IT,F,DBM,2,1
1876,REACTJS DEVELOPER,"C/C++,RUST",CS,F,D,12,1
1877,DATA SCIENTIST,"JAVASCRIPT,HTML,JAVA",CS,PT,D,6,0
1878,DATA SCIENTIST,"C#,JULIA,OBJECTIVE-C",CS,FT,BMP,12,0
1879,FRONTEND DEVELOPER,"JULIA,HTML,FORTRAN",IT,PT,DB,1,1
1880,FRONTEND DEVELOPER,C/C++,IT,PT,B,12,1
1881,BACKEND DEVELOPER,"OBJECTIVE-C,PYTHON,SQL",CS,FT,BM,3,1
1882,MERN STACK DEVELOPER,"CSS,RUBY",CS,PT,BMP,1,0
1883,MERN STACK DEVELOPER,"RUST,OBJECTIVE-C,R",CS,PT,DBM,12,0
1884,MERN STACK DEVELOPER,"COBOL,RUBY",CS,FT,DB,6,0
1885,BACKEND DEVELOPER,"PYTHON,JAVASCRIPT,SQL",CS,PT,M,6,1
1886,FRONTEND DEVELOPER,C/C++,CS,F,MP,12,1
1887,FULL STACK DEVELOPER,"JULIA,PERL",CS,PT,BM,2,0
1888,FULL STACK DEVELOPER,JULIA,IT,PT,DBM,3,1
1889,PYTHON DEVELOPER,DART,CS,PT,BM,3,1
1890,JAVASCRIPT DEVELOPER,PERL,CS,F,M,2,1
1891,MEAN STACK DEVELOPER,"RUBY,OBJECTIVE-C",CS,F,MP,1,0
1892,REACTJS DEVELOPER,"C#,RUBY,SQL",IT,PT,DB,2,0
1893,MEAN STACK DEVELOPER,"CSS,JAVASCRIPT,JAVA",IT,PT,DBM,1,1
1894,FRONTEND DEVELOPER,"R,JULIA,FORTRAN",IT,F,P,2,0
1895,MERN STACK DEVELOPER,"SQL,RUST",CS,FT,M,1,0
1896,WEB DEVELOPER,OBJECTIVE-C,IT,F,M,6,0
1897,FRONTEND DEVELOPER,PERL,IT,PT,BMP,2,0
1898,FRONTEND DEVELOPER,"JAVASCRIPT,SWIFT",IT,PT,DBMP,6,1
1899,FULL STACK DEVELOPER,"KOTLIN,RUBY",CS,PT,DBM,6,1
1900,PYTHON DEVELOPER,KOTLIN,IT,F,M,6,0
1901,MEAN STACK DEVELOPER,C/C++,CS,F,P,6,0
1902,WEB DEVELOPER,"SWIFT,RUST",CS,FT,M,2,1
1903,PRODUCT MANAGER,"OBJECTIVE-C,JAVA,R",IT,PT,BM,2,0
1904,PYTHON DEVELOPER,"PERL,SWIFT,DART",IT,PT,MP,2,1
1905,DATA SCIENTIST,SQL,CS,F,DBMP,3,0
1906,PYTHON DEVELOPER,"OBJECTIVE-C,SQL",IT,FT,MP,2,0
1907,RUBY ON RAILS DEVELOPER,"C/C++,CSS,HTML",CS,FT,B,3,0
1908,PRODUCT MANAGER,"OBJECTIVE-C,JULIA,SQL",IT,PT,B,2,0
1909,DATA ANALYST,"COBOL,RUST,DART",IT,F,BMP,12,1
1910,REACTJS DEVELOPER,"DART,JAVASCRIPT",CS,F,M,12,1
1911,PRODUCT MANAGER,"OBJECTIVE-C,DART",CS,PT,DBM,3,1
1912,BACKEND DEVELOPER,"JULIA,C/C++",CS,F,B,2,0
1913,DATA ANALYST,"PERL,JULIA",IT,FT,P,2,0
1914,DATA ANALYST,"SQL,RUST",CS,FT,BM,12,1
1915,DATA ANALYST,"RUST,R",CS,PT,BMP,6,0
1916,JAVASCRIPT DEVELOPER,"SWIFT,RUBY,R",IT,PT,DB,12,0
1917,WEB DEVELOPER,"FORTRAN,RUST",CS,F,DBM,3,1
1918,DATA SCIENTIST,"COBOL,KOTLIN,C#",IT,PT,DBM,6,0
1919,WEB DEVELOPER,HTML,CS,F,MP,12,1
1920,WEB DEVELOPER,"C#,FORTRAN",IT,F,MP,12,1
1921,RUBY ON RAILS DEVELOPER,"CSS,RUST,C#",IT,PT,DBMP,2,1
1922,BACKEND DEVELOPER,"PHP,C/C++,DART",IT,F,BMP,1,1
1923,FRONTEND DEVELOPER,"CSS,R,COBOL",IT,F,BMP,2,0
1924,JAVASCRIPT DEVELOPER,SWIFT,IT,PT,M,1,1
1925,BACKEND DEVELOPER,"JAVA,DART",IT,PT,BMP,1,1
1926,MEAN STACK DEVELOPER,"C#,JAVASCRIPT",IT,F,BMP,6,1
1927,JAVASCRIPT DEVELOPER,JAVA,CS,F,BM,1,0
1928,JAVASCRIPT DEVELOPER,HTML,CS,FT,DB,2,1
1929,REACTJS DEVELOPER,"R,SQL",IT,FT,MP,6,1
1930,DATA SCIENTIST,"C#,JAVA,DART",CS,FT,DBM,12,1
1931,MEAN STACK DEVELOPER,"RUST,JULIA,COBOL",IT,FT,P,6,0
1932,PYTHON DEVELOPER,"FORTRAN,PYTHON",CS,FT,M,2,0
1933,MERN STACK DEVELOPER,"DART,PHP,JULIA",CS,FT,MP,3,1
1934,PYTHON DEVELOPER,"JULIA,COBOL,OBJECTIVE-C",IT,FT,M,12,0
1935,REACTJS DEVELOPER,HTML,CS,PT,BM,12,1
1936,PYTHON DEVELOPER,"FORTRAN,PHP,R",CS,PT,B,6,0
1937,DATA ANALYST,"COBOL,FORTRAN",CS,FT,BMP,1,1
1938,RUBY ON RAILS DEVELOPER,"JULIA,SWIFT",IT,FT,P,6,0
1939,PRODUCT MANAGER,"PERL,JULIA",CS,PT,DBM,3,0
1940,DATA ANALYST,"OBJECTIVE-C,C#",CS,F,BMP,12,0
1941,MERN STACK DEVELOPER,RUBY,IT,FT,DB,6,1
1942,FRONTEND DEVELOPER,"R,JAVASCRIPT,COBOL",IT,F,MP,6,0
1943,FULL STACK DEVELOPER,"JAVA,CSS",CS,PT,DBMP,12,0
1944,BACKEND DEVELOPER,"CSS,C#",IT,PT,D,3,1
1945,DATA SCIENTIST,"FORTRAN,RUBY,RUST",IT,FT,BM,12,0
1946,PRODUCT MANAGER,OBJECTIVE-C,CS,F,DBMP,6,0
1947,DATA ANALYST,"FORTRAN,JAVA",CS,FT,DBMP,2,0
1948,RUBY ON RAILS DEVELOPER,PYTHON,IT,FT,DB,2,0
1949,PRODUCT MANAGER,"PERL,C#,R",IT,FT,DBMP,6,0
1950,WEB DEVELOPER,FORTRAN,IT,F,DBMP,1,0
1951,DATA ANALYST,"JULIA,PHP",IT,FT,BMP,1,1
1952,WEB DEVELOPER,"OBJECTIVE-C,PHP,DART",CS,F,M,2,0
1953,MEAN STACK DEVELOPER,"PERL,C#",CS,F,B,3,0
1954,FULL STACK DEVELOPER,RUST,CS,FT,DBM,1,1
1955,PYTHON DEVELOPER,"C#,PYTHON,SWIFT",IT,FT,D,12,1
1956,BACKEND DEVELOPER,"HTML,RUBY",CS,PT,DBMP,2,1
1957,MERN STACK DEVELOPER,"JAVA,CSS,PHP",CS,F,P,3,1
1958,RUBY ON RAILS DEVELOPER,"OBJECTIVE-C,C/C++",CS,FT,BMP,2,1
1959,JAVASCRIPT DEVELOPER,"C/C++,JAVA,FORTRAN",CS,PT,DBMP,1,1
1960,JAVASCRIPT DEVELOPER,R,CS,PT,BMP,2,0
1961,RUBY ON RAILS DEVELOPER,"PHP,OBJECTIVE-C,COBOL",IT,F,BM,6,1
1962,MERN STACK DEVELOPER,"CSS,DART,JAVA",CS,F,DB,1,1
1963,FULL STACK DEVELOPER,"PERL,FORTRAN",IT,FT,BMP,3,0
1964,RUBY ON RAILS DEVELOPER,FORTRAN,IT,PT,MP,6,1
1965,DATA ANALYST,"PERL,JAVA",IT,F,DBM,2,0
1966,MEAN STACK DEVELOPER,"C/C++,PHP",CS,F,D,3,0
1967,DATA ANALYST,"RUBY,DART",CS,F,B,2,1
1968,REACTJS DEVELOPER,"KOTLIN,PERL",CS,F,P,6,0
1969,JAVASCRIPT DEVELOPER,"DART,RUST,FORTRAN",CS,FT,BM,3,0
1970,DATA ANALYST,CSS,CS,PT,DBM,12,1
1971,RUBY ON RAILS DEVELOPER,JAVASCRIPT,IT,FT,P,12,0
1972,PRODUCT MANAGER,"CSS,RUST",CS,FT,DB,6,1
1973,MEAN STACK DEVELOPER,COBOL,IT,F,M,6,1
1974,MERN STACK DEVELOPER,PERL,CS,PT,D,1,1
1975,MEAN STACK DEVELOPER,"PYTHON,KOTLIN",CS,F,BM,2,0
1976,MERN STACK DEVELOPER,"PERL,C/C++",IT,PT,B,2,1
1977,BACKEND DEVELOPER,JAVASCRIPT,CS,F,MP,1,1
1978,FRONTEND DEVELOPER,RUBY,IT,F,DBM,6,0
1979,PYTHON DEVELOPER,"JULIA,DART",IT,F,DBMP,3,0
1980,FULL STACK DEVELOPER,"JAVASCRIPT,R",IT,PT,M,1,1
1981,WEB DEVELOPER,C#,IT,FT,B,3,0
1982,REACTJS DEVELOPER,CSS,CS,FT,BM,6,0
1983,FULL STACK DEVELOPER,"R,C#",CS,F,DB,2,1
1984,JAVASCRIPT DEVELOPER,OBJECTIVE-C,IT,F,MP,1,1
1985,FULL STACK DEVELOPER,"COBOL,KOTLIN,FORTRAN",IT,F,DBM,6,0
1986,PYTHON DEVELOPER,"DART,HTML,KOTLIN",CS,FT,M,12,0
1987,MEAN STACK DEVELOPER,OBJECTIVE-C,CS,PT,M,12,0
1988,MEAN STACK DEVELOPER,"SWIFT,RUST,JULIA",IT,PT,P,12,1
1989,DATA ANALYST,"COBOL,HTML",IT,PT,MP,3,1
1990,WEB DEVELOPER,"DART,SQL",IT,F,M,6,1
1991,REACTJS DEVELOPER,"PHP,RUBY",IT,PT,DB,1,0
1992,JAVASCRIPT DEVELOPER,"JAVA,C#",CS,F,MP,6,1
1993,DATA SCIENTIST,"COBOL,PHP",IT,FT,BMP,12,0
1994,REACTJS DEVELOPER,"C#,PHP,RUBY",IT,FT,DBMP,2,0
1995,WEB DEVELOPER,"FORTRAN,C/C++",CS,FT,BM,2,0
1996,PRODUCT MANAGER,"JAVASCRIPT,SWIFT",IT,PT,D,2,1
1997,DATA SCIENTIST,"C/C++,HTML",IT,FT,DBM,12,1
1998,DATA ANALYST,FORTRAN,CS,F,BMP,3,0
1999,PYTHON DEVELOPER,JAVASCRIPT,CS,F,DBMP,12,1
2000,PYTHON DEVELOPER,C#,CS,F,DBMP,12,0
